seq	rel_sec	wall_time	ipc_result	ipc_error	ipc_elapsed_ms	current_alias	path_alias	filename_alias	time_pos	duration	percent_pos	idle_active	pause	eof_reached	estimated_frame_number	hwdec_current	vo_configured	video_params_json	property_errors_json	status_present	status_playback_state	status_current_alias	status_path_alias	status_duration_ms	status_current_index	status_mpv_running	status_snapshot_json
1	0.001	2026-07-10T20:07:12+0000	success		2	<media-path:31af3d58a2>	<media-path:31af3d58a2>	<filename:92829f14a9>	0.733333	3.9	18.803419	false	false	false	22	v4l2request-copy	true	"{""aspect"":0.566038,""dh"":848,""dw"":480,""h"":848,""par"":1.0,""pixelformat"":""nv12"",""rotate"":0,""stereo-in"":""mono"",""w"":480}"	"{""duration"":""success"",""eof-reached"":""success"",""estimated-frame-number"":""success"",""filename"":""success"",""hwdec-current"":""success"",""idle-active"":""success"",""path"":""success"",""pause"":""success"",""percent-pos"":""success"",""time-pos"":""success"",""video-params"":""success"",""vo-configured"":""success""}"	true	player_starting						"{""black_screen_risk_reason"":""present"",""blocked_media_count"":0,""consecutive_failures"":0,""current_index"":null,""current_item"":{},""last_poll_error"":""polling_disabled"",""last_render_error"":""null"",""mpv_running"":null,""next_item"":{},""playback_state"":""player_starting"",""playlist_size"":1,""present"":true,""uptime_sec"":1}"
2	1.006	2026-07-10T20:07:13+0000	success		2	<media-path:31af3d58a2>	<media-path:31af3d58a2>	<filename:92829f14a9>	1.733333	3.9	44.444444	false	false	false	52	v4l2request-copy	true	"{""aspect"":0.566038,""dh"":848,""dw"":480,""h"":848,""par"":1.0,""pixelformat"":""nv12"",""rotate"":0,""stereo-in"":""mono"",""w"":480}"	"{""duration"":""success"",""eof-reached"":""success"",""estimated-frame-number"":""success"",""filename"":""success"",""hwdec-current"":""success"",""idle-active"":""success"",""path"":""success"",""pause"":""success"",""percent-pos"":""success"",""time-pos"":""success"",""video-params"":""success"",""vo-configured"":""success""}"	true	player_starting						"{""black_screen_risk_reason"":""present"",""blocked_media_count"":0,""consecutive_failures"":0,""current_index"":null,""current_item"":{},""last_poll_error"":""polling_disabled"",""last_render_error"":""null"",""mpv_running"":null,""next_item"":{},""playback_state"":""player_starting"",""playlist_size"":1,""present"":true,""uptime_sec"":1}"
3	2.011	2026-07-10T20:07:14+0000	success		9	<media-path:31af3d58a2>	<media-path:31af3d58a2>	<filename:92829f14a9>	2.733333	3.9	70.08547	false	false	false	81	v4l2request-copy	true	"{""aspect"":0.566038,""dh"":848,""dw"":480,""h"":848,""par"":1.0,""pixelformat"":""nv12"",""rotate"":0,""stereo-in"":""mono"",""w"":480}"	"{""duration"":""success"",""eof-reached"":""success"",""estimated-frame-number"":""success"",""filename"":""success"",""hwdec-current"":""success"",""idle-active"":""success"",""path"":""success"",""pause"":""success"",""percent-pos"":""success"",""time-pos"":""success"",""video-params"":""success"",""vo-configured"":""success""}"	true	playing	media-73d0e2214b	<media-path:31af3d58a2>	10000	0	true	"{""black_screen_risk_reason"":""null"",""blocked_media_count"":0,""consecutive_failures"":0,""current_index"":0,""current_item"":{""alias"":""media-73d0e2214b"",""duration_ms"":10000,""offset_ms"":0,""path_alias"":""<media-path:31af3d58a2>"",""started_at_present"":true},""last_poll_error"":""polling_disabled"",""last_render_error"":""null"",""mpv_running"":true,""next_item"":{},""playback_state"":""playing"",""playlist_size"":1,""present"":true,""uptime_sec"":6}"
4	3.022	2026-07-10T20:07:15+0000	success		2	<media-path:31af3d58a2>	<media-path:31af3d58a2>	<filename:92829f14a9>	3.733333	3.9	95.726496	false	false	false	111	v4l2request-copy	true	"{""aspect"":0.566038,""dh"":848,""dw"":480,""h"":848,""par"":1.0,""pixelformat"":""nv12"",""rotate"":0,""stereo-in"":""mono"",""w"":480}"	"{""duration"":""success"",""eof-reached"":""success"",""estimated-frame-number"":""success"",""filename"":""success"",""hwdec-current"":""success"",""idle-active"":""success"",""path"":""success"",""pause"":""success"",""percent-pos"":""success"",""time-pos"":""success"",""video-params"":""success"",""vo-configured"":""success""}"	true	playing	media-73d0e2214b	<media-path:31af3d58a2>	10000	0	true	"{""black_screen_risk_reason"":""null"",""blocked_media_count"":0,""consecutive_failures"":0,""current_index"":0,""current_item"":{""alias"":""media-73d0e2214b"",""duration_ms"":10000,""offset_ms"":0,""path_alias"":""<media-path:31af3d58a2>"",""started_at_present"":true},""last_poll_error"":""polling_disabled"",""last_render_error"":""null"",""mpv_running"":true,""next_item"":{},""playback_state"":""playing"",""playlist_size"":1,""present"":true,""uptime_sec"":6}"
5	4.027	2026-07-10T20:07:16+0000	success		2	<media-path:31af3d58a2>	<media-path:31af3d58a2>	<filename:92829f14a9>	0.8	3.9	20.512821	false	false	false	24	v4l2request-copy	true	"{""aspect"":0.566038,""dh"":848,""dw"":480,""h"":848,""par"":1.0,""pixelformat"":""nv12"",""rotate"":0,""stereo-in"":""mono"",""w"":480}"	"{""duration"":""success"",""eof-reached"":""success"",""estimated-frame-number"":""success"",""filename"":""success"",""hwdec-current"":""success"",""idle-active"":""success"",""path"":""success"",""pause"":""success"",""percent-pos"":""success"",""time-pos"":""success"",""video-params"":""success"",""vo-configured"":""success""}"	true	playing	media-73d0e2214b	<media-path:31af3d58a2>	10000	0	true	"{""black_screen_risk_reason"":""null"",""blocked_media_count"":0,""consecutive_failures"":0,""current_index"":0,""current_item"":{""alias"":""media-73d0e2214b"",""duration_ms"":10000,""offset_ms"":0,""path_alias"":""<media-path:31af3d58a2>"",""started_at_present"":true},""last_poll_error"":""polling_disabled"",""last_render_error"":""null"",""mpv_running"":true,""next_item"":{},""playback_state"":""playing"",""playlist_size"":1,""present"":true,""uptime_sec"":6}"
6	5.031	2026-07-10T20:07:17+0000	success		3	<media-path:31af3d58a2>	<media-path:31af3d58a2>	<filename:92829f14a9>	1.833333	3.9	47.008547	false	false	false	55	v4l2request-copy	true	"{""aspect"":0.566038,""dh"":848,""dw"":480,""h"":848,""par"":1.0,""pixelformat"":""nv12"",""rotate"":0,""stereo-in"":""mono"",""w"":480}"	"{""duration"":""success"",""eof-reached"":""success"",""estimated-frame-number"":""success"",""filename"":""success"",""hwdec-current"":""success"",""idle-active"":""success"",""path"":""success"",""pause"":""success"",""percent-pos"":""success"",""time-pos"":""success"",""video-params"":""success"",""vo-configured"":""success""}"	true	playing	media-73d0e2214b	<media-path:31af3d58a2>	10000	0	true	"{""black_screen_risk_reason"":""null"",""blocked_media_count"":0,""consecutive_failures"":0,""current_index"":0,""current_item"":{""alias"":""media-73d0e2214b"",""duration_ms"":10000,""offset_ms"":0,""path_alias"":""<media-path:31af3d58a2>"",""started_at_present"":true},""last_poll_error"":""polling_disabled"",""last_render_error"":""null"",""mpv_running"":true,""next_item"":{},""playback_state"":""playing"",""playlist_size"":1,""present"":true,""uptime_sec"":6}"
7	6.037	2026-07-10T20:07:18+0000	success		2	<media-path:31af3d58a2>	<media-path:31af3d58a2>	<filename:92829f14a9>	2.833333	3.9	72.649573	false	false	false	84	v4l2request-copy	true	"{""aspect"":0.566038,""dh"":848,""dw"":480,""h"":848,""par"":1.0,""pixelformat"":""nv12"",""rotate"":0,""stereo-in"":""mono"",""w"":480}"	"{""duration"":""success"",""eof-reached"":""success"",""estimated-frame-number"":""success"",""filename"":""success"",""hwdec-current"":""success"",""idle-active"":""success"",""path"":""success"",""pause"":""success"",""percent-pos"":""success"",""time-pos"":""success"",""video-params"":""success"",""vo-configured"":""success""}"	true	playing	media-73d0e2214b	<media-path:31af3d58a2>	10000	0	true	"{""black_screen_risk_reason"":""null"",""blocked_media_count"":0,""consecutive_failures"":0,""current_index"":0,""current_item"":{""alias"":""media-73d0e2214b"",""duration_ms"":10000,""offset_ms"":0,""path_alias"":""<media-path:31af3d58a2>"",""started_at_present"":true},""last_poll_error"":""polling_disabled"",""last_render_error"":""null"",""mpv_running"":true,""next_item"":{},""playback_state"":""playing"",""playlist_size"":1,""present"":true,""uptime_sec"":6}"
8	7.041	2026-07-10T20:07:19+0000	success		2	<media-path:31af3d58a2>	<media-path:31af3d58a2>	<filename:92829f14a9>	3.833333	3.9	98.290598	false	false	false	114	v4l2request-copy	true	"{""aspect"":0.566038,""dh"":848,""dw"":480,""h"":848,""par"":1.0,""pixelformat"":""nv12"",""rotate"":0,""stereo-in"":""mono"",""w"":480}"	"{""duration"":""success"",""eof-reached"":""success"",""estimated-frame-number"":""success"",""filename"":""success"",""hwdec-current"":""success"",""idle-active"":""success"",""path"":""success"",""pause"":""success"",""percent-pos"":""success"",""time-pos"":""success"",""video-params"":""success"",""vo-configured"":""success""}"	true	playing	media-73d0e2214b	<media-path:31af3d58a2>	10000	0	true	"{""black_screen_risk_reason"":""null"",""blocked_media_count"":0,""consecutive_failures"":0,""current_index"":0,""current_item"":{""alias"":""media-73d0e2214b"",""duration_ms"":10000,""offset_ms"":0,""path_alias"":""<media-path:31af3d58a2>"",""started_at_present"":true},""last_poll_error"":""polling_disabled"",""last_render_error"":""null"",""mpv_running"":true,""next_item"":{},""playback_state"":""playing"",""playlist_size"":1,""present"":true,""uptime_sec"":11}"
9	8.045	2026-07-10T20:07:20+0000	success		2	<media-path:31af3d58a2>	<media-path:31af3d58a2>	<filename:92829f14a9>	0.9	3.9	23.076923	false	false	false	27	v4l2request-copy	true	"{""aspect"":0.566038,""dh"":848,""dw"":480,""h"":848,""par"":1.0,""pixelformat"":""nv12"",""rotate"":0,""stereo-in"":""mono"",""w"":480}"	"{""duration"":""success"",""eof-reached"":""success"",""estimated-frame-number"":""success"",""filename"":""success"",""hwdec-current"":""success"",""idle-active"":""success"",""path"":""success"",""pause"":""success"",""percent-pos"":""success"",""time-pos"":""success"",""video-params"":""success"",""vo-configured"":""success""}"	true	playing	media-73d0e2214b	<media-path:31af3d58a2>	10000	0	true	"{""black_screen_risk_reason"":""null"",""blocked_media_count"":0,""consecutive_failures"":0,""current_index"":0,""current_item"":{""alias"":""media-73d0e2214b"",""duration_ms"":10000,""offset_ms"":0,""path_alias"":""<media-path:31af3d58a2>"",""started_at_present"":true},""last_poll_error"":""polling_disabled"",""last_render_error"":""null"",""mpv_running"":true,""next_item"":{},""playback_state"":""playing"",""playlist_size"":1,""present"":true,""uptime_sec"":11}"
10	9.049	2026-07-10T20:07:21+0000	success		2	<media-path:31af3d58a2>	<media-path:31af3d58a2>	<filename:92829f14a9>	0.1	3.9	2.564103	false	false	false	3	v4l2request-copy	true	"{""aspect"":0.566038,""dh"":848,""dw"":480,""h"":848,""par"":1.0,""pixelformat"":""nv12"",""rotate"":0,""stereo-in"":""mono"",""w"":480}"	"{""duration"":""success"",""eof-reached"":""success"",""estimated-frame-number"":""success"",""filename"":""success"",""hwdec-current"":""success"",""idle-active"":""success"",""path"":""success"",""pause"":""success"",""percent-pos"":""success"",""time-pos"":""success"",""video-params"":""success"",""vo-configured"":""success""}"	true	playing	media-73d0e2214b	<media-path:31af3d58a2>	10000	0	true	"{""black_screen_risk_reason"":""null"",""blocked_media_count"":0,""consecutive_failures"":0,""current_index"":0,""current_item"":{""alias"":""media-73d0e2214b"",""duration_ms"":10000,""offset_ms"":0,""path_alias"":""<media-path:31af3d58a2>"",""started_at_present"":true},""last_poll_error"":""polling_disabled"",""last_render_error"":""null"",""mpv_running"":true,""next_item"":{},""playback_state"":""playing"",""playlist_size"":1,""present"":true,""uptime_sec"":11}"
11	10.053	2026-07-10T20:07:22+0000	success		3	<media-path:31af3d58a2>	<media-path:31af3d58a2>	<filename:92829f14a9>	1.1	3.9	28.205128	false	false	false	33	v4l2request-copy	true	"{""aspect"":0.566038,""dh"":848,""dw"":480,""h"":848,""par"":1.0,""pixelformat"":""nv12"",""rotate"":0,""stereo-in"":""mono"",""w"":480}"	"{""duration"":""success"",""eof-reached"":""success"",""estimated-frame-number"":""success"",""filename"":""success"",""hwdec-current"":""success"",""idle-active"":""success"",""path"":""success"",""pause"":""success"",""percent-pos"":""success"",""time-pos"":""success"",""video-params"":""success"",""vo-configured"":""success""}"	true	playing	media-73d0e2214b	<media-path:31af3d58a2>	10000	0	true	"{""black_screen_risk_reason"":""null"",""blocked_media_count"":0,""consecutive_failures"":0,""current_index"":0,""current_item"":{""alias"":""media-73d0e2214b"",""duration_ms"":10000,""offset_ms"":0,""path_alias"":""<media-path:31af3d58a2>"",""started_at_present"":true},""last_poll_error"":""polling_disabled"",""last_render_error"":""null"",""mpv_running"":true,""next_item"":{},""playback_state"":""playing"",""playlist_size"":1,""present"":true,""uptime_sec"":11}"
12	11.059	2026-07-10T20:07:23+0000	success		2	<media-path:31af3d58a2>	<media-path:31af3d58a2>	<filename:92829f14a9>	2.1	3.9	53.846154	false	false	false	62	v4l2request-copy	true	"{""aspect"":0.566038,""dh"":848,""dw"":480,""h"":848,""par"":1.0,""pixelformat"":""nv12"",""rotate"":0,""stereo-in"":""mono"",""w"":480}"	"{""duration"":""success"",""eof-reached"":""success"",""estimated-frame-number"":""success"",""filename"":""success"",""hwdec-current"":""success"",""idle-active"":""success"",""path"":""success"",""pause"":""success"",""percent-pos"":""success"",""time-pos"":""success"",""video-params"":""success"",""vo-configured"":""success""}"	true	playing	media-73d0e2214b	<media-path:31af3d58a2>	10000	0	true	"{""black_screen_risk_reason"":""null"",""blocked_media_count"":0,""consecutive_failures"":0,""current_index"":0,""current_item"":{""alias"":""media-73d0e2214b"",""duration_ms"":10000,""offset_ms"":0,""path_alias"":""<media-path:31af3d58a2>"",""started_at_present"":true},""last_poll_error"":""polling_disabled"",""last_render_error"":""null"",""mpv_running"":true,""next_item"":{},""playback_state"":""playing"",""playlist_size"":1,""present"":true,""uptime_sec"":11}"
13	12.063	2026-07-10T20:07:24+0000	success		2	<media-path:31af3d58a2>	<media-path:31af3d58a2>	<filename:92829f14a9>	3.1	3.9	79.487179	false	false	false	92	v4l2request-copy	true	"{""aspect"":0.566038,""dh"":848,""dw"":480,""h"":848,""par"":1.0,""pixelformat"":""nv12"",""rotate"":0,""stereo-in"":""mono"",""w"":480}"	"{""duration"":""success"",""eof-reached"":""success"",""estimated-frame-number"":""success"",""filename"":""success"",""hwdec-current"":""success"",""idle-active"":""success"",""path"":""success"",""pause"":""success"",""percent-pos"":""success"",""time-pos"":""success"",""video-params"":""success"",""vo-configured"":""success""}"	true	playing	media-73d0e2214b	<media-path:31af3d58a2>	10000	0	true	"{""black_screen_risk_reason"":""null"",""blocked_media_count"":0,""consecutive_failures"":0,""current_index"":0,""current_item"":{""alias"":""media-73d0e2214b"",""duration_ms"":10000,""offset_ms"":0,""path_alias"":""<media-path:31af3d58a2>"",""started_at_present"":true},""last_poll_error"":""polling_disabled"",""last_render_error"":""null"",""mpv_running"":true,""next_item"":{},""playback_state"":""playing"",""playlist_size"":1,""present"":true,""uptime_sec"":16}"
14	13.069	2026-07-10T20:07:25+0000	success		10	<media-path:31af3d58a2>	<media-path:31af3d58a2>	<filename:92829f14a9>	0.166667	3.9	4.273504	false	false	false	5	v4l2request-copy	true	"{""aspect"":0.566038,""dh"":848,""dw"":480,""h"":848,""par"":1.0,""pixelformat"":""nv12"",""rotate"":0,""stereo-in"":""mono"",""w"":480}"	"{""duration"":""success"",""eof-reached"":""success"",""estimated-frame-number"":""success"",""filename"":""success"",""hwdec-current"":""success"",""idle-active"":""success"",""path"":""success"",""pause"":""success"",""percent-pos"":""success"",""time-pos"":""success"",""video-params"":""success"",""vo-configured"":""success""}"	true	playing	media-73d0e2214b	<media-path:31af3d58a2>	10000	0	true	"{""black_screen_risk_reason"":""null"",""blocked_media_count"":0,""consecutive_failures"":0,""current_index"":0,""current_item"":{""alias"":""media-73d0e2214b"",""duration_ms"":10000,""offset_ms"":0,""path_alias"":""<media-path:31af3d58a2>"",""started_at_present"":true},""last_poll_error"":""polling_disabled"",""last_render_error"":""null"",""mpv_running"":true,""next_item"":{},""playback_state"":""playing"",""playlist_size"":1,""present"":true,""uptime_sec"":16}"
15	14.082	2026-07-10T20:07:26+0000	success		2	<media-path:31af3d58a2>	<media-path:31af3d58a2>	<filename:92829f14a9>	1.166667	3.9	29.91453	false	false	false	35	v4l2request-copy	true	"{""aspect"":0.566038,""dh"":848,""dw"":480,""h"":848,""par"":1.0,""pixelformat"":""nv12"",""rotate"":0,""stereo-in"":""mono"",""w"":480}"	"{""duration"":""success"",""eof-reached"":""success"",""estimated-frame-number"":""success"",""filename"":""success"",""hwdec-current"":""success"",""idle-active"":""success"",""path"":""success"",""pause"":""success"",""percent-pos"":""success"",""time-pos"":""success"",""video-params"":""success"",""vo-configured"":""success""}"	true	playing	media-73d0e2214b	<media-path:31af3d58a2>	10000	0	true	"{""black_screen_risk_reason"":""null"",""blocked_media_count"":0,""consecutive_failures"":0,""current_index"":0,""current_item"":{""alias"":""media-73d0e2214b"",""duration_ms"":10000,""offset_ms"":0,""path_alias"":""<media-path:31af3d58a2>"",""started_at_present"":true},""last_poll_error"":""polling_disabled"",""last_render_error"":""null"",""mpv_running"":true,""next_item"":{},""playback_state"":""playing"",""playlist_size"":1,""present"":true,""uptime_sec"":16}"
16	15.086	2026-07-10T20:07:27+0000	success		2	<media-path:31af3d58a2>	<media-path:31af3d58a2>	<filename:92829f14a9>	2.2	3.9	56.410256	false	false	false	65	v4l2request-copy	true	"{""aspect"":0.566038,""dh"":848,""dw"":480,""h"":848,""par"":1.0,""pixelformat"":""nv12"",""rotate"":0,""stereo-in"":""mono"",""w"":480}"	"{""duration"":""success"",""eof-reached"":""success"",""estimated-frame-number"":""success"",""filename"":""success"",""hwdec-current"":""success"",""idle-active"":""success"",""path"":""success"",""pause"":""success"",""percent-pos"":""success"",""time-pos"":""success"",""video-params"":""success"",""vo-configured"":""success""}"	true	playing	media-73d0e2214b	<media-path:31af3d58a2>	10000	0	true	"{""black_screen_risk_reason"":""null"",""blocked_media_count"":0,""consecutive_failures"":0,""current_index"":0,""current_item"":{""alias"":""media-73d0e2214b"",""duration_ms"":10000,""offset_ms"":0,""path_alias"":""<media-path:31af3d58a2>"",""started_at_present"":true},""last_poll_error"":""polling_disabled"",""last_render_error"":""null"",""mpv_running"":true,""next_item"":{},""playback_state"":""playing"",""playlist_size"":1,""present"":true,""uptime_sec"":16}"
17	16.091	2026-07-10T20:07:28+0000	success		2	<media-path:31af3d58a2>	<media-path:31af3d58a2>	<filename:92829f14a9>	3.2	3.9	82.051282	false	false	false	95	v4l2request-copy	true	"{""aspect"":0.566038,""dh"":848,""dw"":480,""h"":848,""par"":1.0,""pixelformat"":""nv12"",""rotate"":0,""stereo-in"":""mono"",""w"":480}"	"{""duration"":""success"",""eof-reached"":""success"",""estimated-frame-number"":""success"",""filename"":""success"",""hwdec-current"":""success"",""idle-active"":""success"",""path"":""success"",""pause"":""success"",""percent-pos"":""success"",""time-pos"":""success"",""video-params"":""success"",""vo-configured"":""success""}"	true	playing	media-73d0e2214b	<media-path:31af3d58a2>	10000	0	true	"{""black_screen_risk_reason"":""null"",""blocked_media_count"":0,""consecutive_failures"":0,""current_index"":0,""current_item"":{""alias"":""media-73d0e2214b"",""duration_ms"":10000,""offset_ms"":0,""path_alias"":""<media-path:31af3d58a2>"",""started_at_present"":true},""last_poll_error"":""polling_disabled"",""last_render_error"":""null"",""mpv_running"":true,""next_item"":{},""playback_state"":""playing"",""playlist_size"":1,""present"":true,""uptime_sec"":16}"
18	17.095	2026-07-10T20:07:29+0000	success		2	<media-path:31af3d58a2>	<media-path:31af3d58a2>	<filename:92829f14a9>	0.233333	3.9	5.982906	false	false	false	7	v4l2request-copy	true	"{""aspect"":0.566038,""dh"":848,""dw"":480,""h"":848,""par"":1.0,""pixelformat"":""nv12"",""rotate"":0,""stereo-in"":""mono"",""w"":480}"	"{""duration"":""success"",""eof-reached"":""success"",""estimated-frame-number"":""success"",""filename"":""success"",""hwdec-current"":""success"",""idle-active"":""success"",""path"":""success"",""pause"":""success"",""percent-pos"":""success"",""time-pos"":""success"",""video-params"":""success"",""vo-configured"":""success""}"	true	playing	media-73d0e2214b	<media-path:31af3d58a2>	10000	0	true	"{""black_screen_risk_reason"":""null"",""blocked_media_count"":0,""consecutive_failures"":0,""current_index"":0,""current_item"":{""alias"":""media-73d0e2214b"",""duration_ms"":10000,""offset_ms"":0,""path_alias"":""<media-path:31af3d58a2>"",""started_at_present"":true},""last_poll_error"":""polling_disabled"",""last_render_error"":""null"",""mpv_running"":true,""next_item"":{},""playback_state"":""playing"",""playlist_size"":1,""present"":true,""uptime_sec"":21}"
19	18.100	2026-07-10T20:07:30+0000	success		2	<media-path:31af3d58a2>	<media-path:31af3d58a2>	<filename:92829f14a9>	1.266667	3.9	32.478632	false	false	false	38	v4l2request-copy	true	"{""aspect"":0.566038,""dh"":848,""dw"":480,""h"":848,""par"":1.0,""pixelformat"":""nv12"",""rotate"":0,""stereo-in"":""mono"",""w"":480}"	"{""duration"":""success"",""eof-reached"":""success"",""estimated-frame-number"":""success"",""filename"":""success"",""hwdec-current"":""success"",""idle-active"":""success"",""path"":""success"",""pause"":""success"",""percent-pos"":""success"",""time-pos"":""success"",""video-params"":""success"",""vo-configured"":""success""}"	true	playing	media-73d0e2214b	<media-path:31af3d58a2>	10000	0	true	"{""black_screen_risk_reason"":""null"",""blocked_media_count"":0,""consecutive_failures"":0,""current_index"":0,""current_item"":{""alias"":""media-73d0e2214b"",""duration_ms"":10000,""offset_ms"":0,""path_alias"":""<media-path:31af3d58a2>"",""started_at_present"":true},""last_poll_error"":""polling_disabled"",""last_render_error"":""null"",""mpv_running"":true,""next_item"":{},""playback_state"":""playing"",""playlist_size"":1,""present"":true,""uptime_sec"":21}"
20	19.105	2026-07-10T20:07:31+0000	success		3	<media-path:31af3d58a2>	<media-path:31af3d58a2>	<filename:92829f14a9>	0.1	3.9	2.564103	false	false	false	3	v4l2request-copy	true	"{""aspect"":0.566038,""dh"":848,""dw"":480,""h"":848,""par"":1.0,""pixelformat"":""nv12"",""rotate"":0,""stereo-in"":""mono"",""w"":480}"	"{""duration"":""success"",""eof-reached"":""success"",""estimated-frame-number"":""success"",""filename"":""success"",""hwdec-current"":""success"",""idle-active"":""success"",""path"":""success"",""pause"":""success"",""percent-pos"":""success"",""time-pos"":""success"",""video-params"":""success"",""vo-configured"":""success""}"	true	playing	media-73d0e2214b	<media-path:31af3d58a2>	10000	0	true	"{""black_screen_risk_reason"":""null"",""blocked_media_count"":0,""consecutive_failures"":0,""current_index"":0,""current_item"":{""alias"":""media-73d0e2214b"",""duration_ms"":10000,""offset_ms"":0,""path_alias"":""<media-path:31af3d58a2>"",""started_at_present"":true},""last_poll_error"":""polling_disabled"",""last_render_error"":""null"",""mpv_running"":true,""next_item"":{},""playback_state"":""playing"",""playlist_size"":1,""present"":true,""uptime_sec"":21}"
21	20.113	2026-07-10T20:07:32+0000	success		8	<media-path:31af3d58a2>	<media-path:31af3d58a2>	<filename:92829f14a9>	1.1	3.9	28.205128	false	false	false	33	v4l2request-copy	true	"{""aspect"":0.566038,""dh"":848,""dw"":480,""h"":848,""par"":1.0,""pixelformat"":""nv12"",""rotate"":0,""stereo-in"":""mono"",""w"":480}"	"{""duration"":""success"",""eof-reached"":""success"",""estimated-frame-number"":""success"",""filename"":""success"",""hwdec-current"":""success"",""idle-active"":""success"",""path"":""success"",""pause"":""success"",""percent-pos"":""success"",""time-pos"":""success"",""video-params"":""success"",""vo-configured"":""success""}"	true	playing	media-73d0e2214b	<media-path:31af3d58a2>	10000	0	true	"{""black_screen_risk_reason"":""null"",""blocked_media_count"":0,""consecutive_failures"":0,""current_index"":0,""current_item"":{""alias"":""media-73d0e2214b"",""duration_ms"":10000,""offset_ms"":0,""path_alias"":""<media-path:31af3d58a2>"",""started_at_present"":true},""last_poll_error"":""polling_disabled"",""last_render_error"":""null"",""mpv_running"":true,""next_item"":{},""playback_state"":""playing"",""playlist_size"":1,""present"":true,""uptime_sec"":21}"
22	21.123	2026-07-10T20:07:33+0000	success		2	<media-path:31af3d58a2>	<media-path:31af3d58a2>	<filename:92829f14a9>	2.1	3.9	53.846154	false	false	false	62	v4l2request-copy	true	"{""aspect"":0.566038,""dh"":848,""dw"":480,""h"":848,""par"":1.0,""pixelformat"":""nv12"",""rotate"":0,""stereo-in"":""mono"",""w"":480}"	"{""duration"":""success"",""eof-reached"":""success"",""estimated-frame-number"":""success"",""filename"":""success"",""hwdec-current"":""success"",""idle-active"":""success"",""path"":""success"",""pause"":""success"",""percent-pos"":""success"",""time-pos"":""success"",""video-params"":""success"",""vo-configured"":""success""}"	true	playing	media-73d0e2214b	<media-path:31af3d58a2>	10000	0	true	"{""black_screen_risk_reason"":""null"",""blocked_media_count"":0,""consecutive_failures"":0,""current_index"":0,""current_item"":{""alias"":""media-73d0e2214b"",""duration_ms"":10000,""offset_ms"":0,""path_alias"":""<media-path:31af3d58a2>"",""started_at_present"":true},""last_poll_error"":""polling_disabled"",""last_render_error"":""null"",""mpv_running"":true,""next_item"":{},""playback_state"":""playing"",""playlist_size"":1,""present"":true,""uptime_sec"":21}"
23	22.128	2026-07-10T20:07:34+0000	success		2	<media-path:31af3d58a2>	<media-path:31af3d58a2>	<filename:92829f14a9>	3.133333	3.9	80.34188	false	false	false	93	v4l2request-copy	true	"{""aspect"":0.566038,""dh"":848,""dw"":480,""h"":848,""par"":1.0,""pixelformat"":""nv12"",""rotate"":0,""stereo-in"":""mono"",""w"":480}"	"{""duration"":""success"",""eof-reached"":""success"",""estimated-frame-number"":""success"",""filename"":""success"",""hwdec-current"":""success"",""idle-active"":""success"",""path"":""success"",""pause"":""success"",""percent-pos"":""success"",""time-pos"":""success"",""video-params"":""success"",""vo-configured"":""success""}"	true	playing	media-73d0e2214b	<media-path:31af3d58a2>	10000	0	true	"{""black_screen_risk_reason"":""null"",""blocked_media_count"":0,""consecutive_failures"":0,""current_index"":0,""current_item"":{""alias"":""media-73d0e2214b"",""duration_ms"":10000,""offset_ms"":0,""path_alias"":""<media-path:31af3d58a2>"",""started_at_present"":true},""last_poll_error"":""polling_disabled"",""last_render_error"":""null"",""mpv_running"":true,""next_item"":{},""playback_state"":""playing"",""playlist_size"":1,""present"":true,""uptime_sec"":26}"
24	23.132	2026-07-10T20:07:35+0000	success		2	<media-path:31af3d58a2>	<media-path:31af3d58a2>	<filename:92829f14a9>	0.2	3.9	5.128205	false	false	false	6	v4l2request-copy	true	"{""aspect"":0.566038,""dh"":848,""dw"":480,""h"":848,""par"":1.0,""pixelformat"":""nv12"",""rotate"":0,""stereo-in"":""mono"",""w"":480}"	"{""duration"":""success"",""eof-reached"":""success"",""estimated-frame-number"":""success"",""filename"":""success"",""hwdec-current"":""success"",""idle-active"":""success"",""path"":""success"",""pause"":""success"",""percent-pos"":""success"",""time-pos"":""success"",""video-params"":""success"",""vo-configured"":""success""}"	true	playing	media-73d0e2214b	<media-path:31af3d58a2>	10000	0	true	"{""black_screen_risk_reason"":""null"",""blocked_media_count"":0,""consecutive_failures"":0,""current_index"":0,""current_item"":{""alias"":""media-73d0e2214b"",""duration_ms"":10000,""offset_ms"":0,""path_alias"":""<media-path:31af3d58a2>"",""started_at_present"":true},""last_poll_error"":""polling_disabled"",""last_render_error"":""null"",""mpv_running"":true,""next_item"":{},""playback_state"":""playing"",""playlist_size"":1,""present"":true,""uptime_sec"":26}"
25	24.136	2026-07-10T20:07:36+0000	success		2	<media-path:31af3d58a2>	<media-path:31af3d58a2>	<filename:92829f14a9>	1.2	3.9	30.769231	false	false	false	36	v4l2request-copy	true	"{""aspect"":0.566038,""dh"":848,""dw"":480,""h"":848,""par"":1.0,""pixelformat"":""nv12"",""rotate"":0,""stereo-in"":""mono"",""w"":480}"	"{""duration"":""success"",""eof-reached"":""success"",""estimated-frame-number"":""success"",""filename"":""success"",""hwdec-current"":""success"",""idle-active"":""success"",""path"":""success"",""pause"":""success"",""percent-pos"":""success"",""time-pos"":""success"",""video-params"":""success"",""vo-configured"":""success""}"	true	playing	media-73d0e2214b	<media-path:31af3d58a2>	10000	0	true	"{""black_screen_risk_reason"":""null"",""blocked_media_count"":0,""consecutive_failures"":0,""current_index"":0,""current_item"":{""alias"":""media-73d0e2214b"",""duration_ms"":10000,""offset_ms"":0,""path_alias"":""<media-path:31af3d58a2>"",""started_at_present"":true},""last_poll_error"":""polling_disabled"",""last_render_error"":""null"",""mpv_running"":true,""next_item"":{},""playback_state"":""playing"",""playlist_size"":1,""present"":true,""uptime_sec"":26}"
26	25.140	2026-07-10T20:07:37+0000	success		2	<media-path:31af3d58a2>	<media-path:31af3d58a2>	<filename:92829f14a9>	2.2	3.9	56.410256	false	false	false	65	v4l2request-copy	true	"{""aspect"":0.566038,""dh"":848,""dw"":480,""h"":848,""par"":1.0,""pixelformat"":""nv12"",""rotate"":0,""stereo-in"":""mono"",""w"":480}"	"{""duration"":""success"",""eof-reached"":""success"",""estimated-frame-number"":""success"",""filename"":""success"",""hwdec-current"":""success"",""idle-active"":""success"",""path"":""success"",""pause"":""success"",""percent-pos"":""success"",""time-pos"":""success"",""video-params"":""success"",""vo-configured"":""success""}"	true	playing	media-73d0e2214b	<media-path:31af3d58a2>	10000	0	true	"{""black_screen_risk_reason"":""null"",""blocked_media_count"":0,""consecutive_failures"":0,""current_index"":0,""current_item"":{""alias"":""media-73d0e2214b"",""duration_ms"":10000,""offset_ms"":0,""path_alias"":""<media-path:31af3d58a2>"",""started_at_present"":true},""last_poll_error"":""polling_disabled"",""last_render_error"":""null"",""mpv_running"":true,""next_item"":{},""playback_state"":""playing"",""playlist_size"":1,""present"":true,""uptime_sec"":26}"
27	26.144	2026-07-10T20:07:38+0000	success		2	<media-path:31af3d58a2>	<media-path:31af3d58a2>	<filename:92829f14a9>	3.2	3.9	82.051282	false	false	false	95	v4l2request-copy	true	"{""aspect"":0.566038,""dh"":848,""dw"":480,""h"":848,""par"":1.0,""pixelformat"":""nv12"",""rotate"":0,""stereo-in"":""mono"",""w"":480}"	"{""duration"":""success"",""eof-reached"":""success"",""estimated-frame-number"":""success"",""filename"":""success"",""hwdec-current"":""success"",""idle-active"":""success"",""path"":""success"",""pause"":""success"",""percent-pos"":""success"",""time-pos"":""success"",""video-params"":""success"",""vo-configured"":""success""}"	true	playing	media-73d0e2214b	<media-path:31af3d58a2>	10000	0	true	"{""black_screen_risk_reason"":""null"",""blocked_media_count"":0,""consecutive_failures"":0,""current_index"":0,""current_item"":{""alias"":""media-73d0e2214b"",""duration_ms"":10000,""offset_ms"":0,""path_alias"":""<media-path:31af3d58a2>"",""started_at_present"":true},""last_poll_error"":""polling_disabled"",""last_render_error"":""null"",""mpv_running"":true,""next_item"":{},""playback_state"":""playing"",""playlist_size"":1,""present"":true,""uptime_sec"":26}"
28	27.150	2026-07-10T20:07:39+0000	success		10	<media-path:31af3d58a2>	<media-path:31af3d58a2>	<filename:92829f14a9>	0.266667	3.9	6.837607	false	false	false	8	v4l2request-copy	true	"{""aspect"":0.566038,""dh"":848,""dw"":480,""h"":848,""par"":1.0,""pixelformat"":""nv12"",""rotate"":0,""stereo-in"":""mono"",""w"":480}"	"{""duration"":""success"",""eof-reached"":""success"",""estimated-frame-number"":""success"",""filename"":""success"",""hwdec-current"":""success"",""idle-active"":""success"",""path"":""success"",""pause"":""success"",""percent-pos"":""success"",""time-pos"":""success"",""video-params"":""success"",""vo-configured"":""success""}"	true	playing	media-73d0e2214b	<media-path:31af3d58a2>	10000	0	true	"{""black_screen_risk_reason"":""null"",""blocked_media_count"":0,""consecutive_failures"":0,""current_index"":0,""current_item"":{""alias"":""media-73d0e2214b"",""duration_ms"":10000,""offset_ms"":0,""path_alias"":""<media-path:31af3d58a2>"",""started_at_present"":true},""last_poll_error"":""polling_disabled"",""last_render_error"":""null"",""mpv_running"":true,""next_item"":{},""playback_state"":""playing"",""playlist_size"":1,""present"":true,""uptime_sec"":31}"
29	28.163	2026-07-10T20:07:40+0000	success		3	<media-path:31af3d58a2>	<media-path:31af3d58a2>	<filename:92829f14a9>	1.266667	3.9	32.478632	false	false	false	38	v4l2request-copy	true	"{""aspect"":0.566038,""dh"":848,""dw"":480,""h"":848,""par"":1.0,""pixelformat"":""nv12"",""rotate"":0,""stereo-in"":""mono"",""w"":480}"	"{""duration"":""success"",""eof-reached"":""success"",""estimated-frame-number"":""success"",""filename"":""success"",""hwdec-current"":""success"",""idle-active"":""success"",""path"":""success"",""pause"":""success"",""percent-pos"":""success"",""time-pos"":""success"",""video-params"":""success"",""vo-configured"":""success""}"	true	playing	media-73d0e2214b	<media-path:31af3d58a2>	10000	0	true	"{""black_screen_risk_reason"":""null"",""blocked_media_count"":0,""consecutive_failures"":0,""current_index"":0,""current_item"":{""alias"":""media-73d0e2214b"",""duration_ms"":10000,""offset_ms"":0,""path_alias"":""<media-path:31af3d58a2>"",""started_at_present"":true},""last_poll_error"":""polling_disabled"",""last_render_error"":""null"",""mpv_running"":true,""next_item"":{},""playback_state"":""playing"",""playlist_size"":1,""present"":true,""uptime_sec"":31}"
30	29.169	2026-07-10T20:07:41+0000	success		2	<media-path:31af3d58a2>	<media-path:31af3d58a2>	<filename:92829f14a9>	0.133333	3.9	3.418803	false	false	false	4	v4l2request-copy	true	"{""aspect"":0.566038,""dh"":848,""dw"":480,""h"":848,""par"":1.0,""pixelformat"":""nv12"",""rotate"":0,""stereo-in"":""mono"",""w"":480}"	"{""duration"":""success"",""eof-reached"":""success"",""estimated-frame-number"":""success"",""filename"":""success"",""hwdec-current"":""success"",""idle-active"":""success"",""path"":""success"",""pause"":""success"",""percent-pos"":""success"",""time-pos"":""success"",""video-params"":""success"",""vo-configured"":""success""}"	true	playing	media-73d0e2214b	<media-path:31af3d58a2>	10000	0	true	"{""black_screen_risk_reason"":""null"",""blocked_media_count"":0,""consecutive_failures"":0,""current_index"":0,""current_item"":{""alias"":""media-73d0e2214b"",""duration_ms"":10000,""offset_ms"":0,""path_alias"":""<media-path:31af3d58a2>"",""started_at_present"":true},""last_poll_error"":""polling_disabled"",""last_render_error"":""null"",""mpv_running"":true,""next_item"":{},""playback_state"":""playing"",""playlist_size"":1,""present"":true,""uptime_sec"":31}"
31	30.174	2026-07-10T20:07:42+0000	success		2	<media-path:31af3d58a2>	<media-path:31af3d58a2>	<filename:92829f14a9>	1.166667	3.9	29.91453	false	false	false	35	v4l2request-copy	true	"{""aspect"":0.566038,""dh"":848,""dw"":480,""h"":848,""par"":1.0,""pixelformat"":""nv12"",""rotate"":0,""stereo-in"":""mono"",""w"":480}"	"{""duration"":""success"",""eof-reached"":""success"",""estimated-frame-number"":""success"",""filename"":""success"",""hwdec-current"":""success"",""idle-active"":""success"",""path"":""success"",""pause"":""success"",""percent-pos"":""success"",""time-pos"":""success"",""video-params"":""success"",""vo-configured"":""success""}"	true	playing	media-73d0e2214b	<media-path:31af3d58a2>	10000	0	true	"{""black_screen_risk_reason"":""null"",""blocked_media_count"":0,""consecutive_failures"":0,""current_index"":0,""current_item"":{""alias"":""media-73d0e2214b"",""duration_ms"":10000,""offset_ms"":0,""path_alias"":""<media-path:31af3d58a2>"",""started_at_present"":true},""last_poll_error"":""polling_disabled"",""last_render_error"":""null"",""mpv_running"":true,""next_item"":{},""playback_state"":""playing"",""playlist_size"":1,""present"":true,""uptime_sec"":31}"
32	31.179	2026-07-10T20:07:43+0000	success		2	<media-path:31af3d58a2>	<media-path:31af3d58a2>	<filename:92829f14a9>	2.166667	3.9	55.555556	false	false	false	64	v4l2request-copy	true	"{""aspect"":0.566038,""dh"":848,""dw"":480,""h"":848,""par"":1.0,""pixelformat"":""nv12"",""rotate"":0,""stereo-in"":""mono"",""w"":480}"	"{""duration"":""success"",""eof-reached"":""success"",""estimated-frame-number"":""success"",""filename"":""success"",""hwdec-current"":""success"",""idle-active"":""success"",""path"":""success"",""pause"":""success"",""percent-pos"":""success"",""time-pos"":""success"",""video-params"":""success"",""vo-configured"":""success""}"	true	playing	media-73d0e2214b	<media-path:31af3d58a2>	10000	0	true	"{""black_screen_risk_reason"":""null"",""blocked_media_count"":0,""consecutive_failures"":0,""current_index"":0,""current_item"":{""alias"":""media-73d0e2214b"",""duration_ms"":10000,""offset_ms"":0,""path_alias"":""<media-path:31af3d58a2>"",""started_at_present"":true},""last_poll_error"":""polling_disabled"",""last_render_error"":""null"",""mpv_running"":true,""next_item"":{},""playback_state"":""playing"",""playlist_size"":1,""present"":true,""uptime_sec"":31}"
33	32.183	2026-07-10T20:07:44+0000	success		2	<media-path:31af3d58a2>	<media-path:31af3d58a2>	<filename:92829f14a9>	3.166667	3.9	81.196581	false	false	false	94	v4l2request-copy	true	"{""aspect"":0.566038,""dh"":848,""dw"":480,""h"":848,""par"":1.0,""pixelformat"":""nv12"",""rotate"":0,""stereo-in"":""mono"",""w"":480}"	"{""duration"":""success"",""eof-reached"":""success"",""estimated-frame-number"":""success"",""filename"":""success"",""hwdec-current"":""success"",""idle-active"":""success"",""path"":""success"",""pause"":""success"",""percent-pos"":""success"",""time-pos"":""success"",""video-params"":""success"",""vo-configured"":""success""}"	true	playing	media-73d0e2214b	<media-path:31af3d58a2>	10000	0	true	"{""black_screen_risk_reason"":""null"",""blocked_media_count"":0,""consecutive_failures"":0,""current_index"":0,""current_item"":{""alias"":""media-73d0e2214b"",""duration_ms"":10000,""offset_ms"":0,""path_alias"":""<media-path:31af3d58a2>"",""started_at_present"":true},""last_poll_error"":""polling_disabled"",""last_render_error"":""null"",""mpv_running"":true,""next_item"":{},""playback_state"":""playing"",""playlist_size"":1,""present"":true,""uptime_sec"":36}"
34	33.187	2026-07-10T20:07:45+0000	success		2	<media-path:31af3d58a2>	<media-path:31af3d58a2>	<filename:92829f14a9>	0.233333	3.9	5.982906	false	false	false	7	v4l2request-copy	true	"{""aspect"":0.566038,""dh"":848,""dw"":480,""h"":848,""par"":1.0,""pixelformat"":""nv12"",""rotate"":0,""stereo-in"":""mono"",""w"":480}"	"{""duration"":""success"",""eof-reached"":""success"",""estimated-frame-number"":""success"",""filename"":""success"",""hwdec-current"":""success"",""idle-active"":""success"",""path"":""success"",""pause"":""success"",""percent-pos"":""success"",""time-pos"":""success"",""video-params"":""success"",""vo-configured"":""success""}"	true	playing	media-73d0e2214b	<media-path:31af3d58a2>	10000	0	true	"{""black_screen_risk_reason"":""null"",""blocked_media_count"":0,""consecutive_failures"":0,""current_index"":0,""current_item"":{""alias"":""media-73d0e2214b"",""duration_ms"":10000,""offset_ms"":0,""path_alias"":""<media-path:31af3d58a2>"",""started_at_present"":true},""last_poll_error"":""polling_disabled"",""last_render_error"":""null"",""mpv_running"":true,""next_item"":{},""playback_state"":""playing"",""playlist_size"":1,""present"":true,""uptime_sec"":36}"
35	34.191	2026-07-10T20:07:46+0000	success		2	<media-path:31af3d58a2>	<media-path:31af3d58a2>	<filename:92829f14a9>	1.233333	3.9	31.623932	false	false	false	37	v4l2request-copy	true	"{""aspect"":0.566038,""dh"":848,""dw"":480,""h"":848,""par"":1.0,""pixelformat"":""nv12"",""rotate"":0,""stereo-in"":""mono"",""w"":480}"	"{""duration"":""success"",""eof-reached"":""success"",""estimated-frame-number"":""success"",""filename"":""success"",""hwdec-current"":""success"",""idle-active"":""success"",""path"":""success"",""pause"":""success"",""percent-pos"":""success"",""time-pos"":""success"",""video-params"":""success"",""vo-configured"":""success""}"	true	playing	media-73d0e2214b	<media-path:31af3d58a2>	10000	0	true	"{""black_screen_risk_reason"":""null"",""blocked_media_count"":0,""consecutive_failures"":0,""current_index"":0,""current_item"":{""alias"":""media-73d0e2214b"",""duration_ms"":10000,""offset_ms"":0,""path_alias"":""<media-path:31af3d58a2>"",""started_at_present"":true},""last_poll_error"":""polling_disabled"",""last_render_error"":""null"",""mpv_running"":true,""next_item"":{},""playback_state"":""playing"",""playlist_size"":1,""present"":true,""uptime_sec"":36}"
36	35.196	2026-07-10T20:07:47+0000	success		9	<media-path:31af3d58a2>	<media-path:31af3d58a2>	<filename:92829f14a9>	2.233333	3.9	57.264957	false	false	false	66	v4l2request-copy	true	"{""aspect"":0.566038,""dh"":848,""dw"":480,""h"":848,""par"":1.0,""pixelformat"":""nv12"",""rotate"":0,""stereo-in"":""mono"",""w"":480}"	"{""duration"":""success"",""eof-reached"":""success"",""estimated-frame-number"":""success"",""filename"":""success"",""hwdec-current"":""success"",""idle-active"":""success"",""path"":""success"",""pause"":""success"",""percent-pos"":""success"",""time-pos"":""success"",""video-params"":""success"",""vo-configured"":""success""}"	true	playing	media-73d0e2214b	<media-path:31af3d58a2>	10000	0	true	"{""black_screen_risk_reason"":""null"",""blocked_media_count"":0,""consecutive_failures"":0,""current_index"":0,""current_item"":{""alias"":""media-73d0e2214b"",""duration_ms"":10000,""offset_ms"":0,""path_alias"":""<media-path:31af3d58a2>"",""started_at_present"":true},""last_poll_error"":""polling_disabled"",""last_render_error"":""null"",""mpv_running"":true,""next_item"":{},""playback_state"":""playing"",""playlist_size"":1,""present"":true,""uptime_sec"":36}"
37	36.207	2026-07-10T20:07:48+0000	success		2	<media-path:31af3d58a2>	<media-path:31af3d58a2>	<filename:92829f14a9>	3.233333	3.9	82.905983	false	false	false	96	v4l2request-copy	true	"{""aspect"":0.566038,""dh"":848,""dw"":480,""h"":848,""par"":1.0,""pixelformat"":""nv12"",""rotate"":0,""stereo-in"":""mono"",""w"":480}"	"{""duration"":""success"",""eof-reached"":""success"",""estimated-frame-number"":""success"",""filename"":""success"",""hwdec-current"":""success"",""idle-active"":""success"",""path"":""success"",""pause"":""success"",""percent-pos"":""success"",""time-pos"":""success"",""video-params"":""success"",""vo-configured"":""success""}"	true	playing	media-73d0e2214b	<media-path:31af3d58a2>	10000	0	true	"{""black_screen_risk_reason"":""null"",""blocked_media_count"":0,""consecutive_failures"":0,""current_index"":0,""current_item"":{""alias"":""media-73d0e2214b"",""duration_ms"":10000,""offset_ms"":0,""path_alias"":""<media-path:31af3d58a2>"",""started_at_present"":true},""last_poll_error"":""polling_disabled"",""last_render_error"":""null"",""mpv_running"":true,""next_item"":{},""playback_state"":""playing"",""playlist_size"":1,""present"":true,""uptime_sec"":36}"
38	37.211	2026-07-10T20:07:49+0000	success		7	<media-path:31af3d58a2>	<media-path:31af3d58a2>	<filename:92829f14a9>	0.3	3.9	7.692308	false	false	false	9	v4l2request-copy	true	"{""aspect"":0.566038,""dh"":848,""dw"":480,""h"":848,""par"":1.0,""pixelformat"":""nv12"",""rotate"":0,""stereo-in"":""mono"",""w"":480}"	"{""duration"":""success"",""eof-reached"":""success"",""estimated-frame-number"":""success"",""filename"":""success"",""hwdec-current"":""success"",""idle-active"":""success"",""path"":""success"",""pause"":""success"",""percent-pos"":""success"",""time-pos"":""success"",""video-params"":""success"",""vo-configured"":""success""}"	true	playing	media-73d0e2214b	<media-path:31af3d58a2>	10000	0	true	"{""black_screen_risk_reason"":""null"",""blocked_media_count"":0,""consecutive_failures"":0,""current_index"":0,""current_item"":{""alias"":""media-73d0e2214b"",""duration_ms"":10000,""offset_ms"":0,""path_alias"":""<media-path:31af3d58a2>"",""started_at_present"":true},""last_poll_error"":""polling_disabled"",""last_render_error"":""null"",""mpv_running"":true,""next_item"":{},""playback_state"":""playing"",""playlist_size"":1,""present"":true,""uptime_sec"":41}"
39	38.221	2026-07-10T20:07:50+0000	success		2	<media-path:31af3d58a2>	<media-path:31af3d58a2>	<filename:92829f14a9>	1.3	3.9	33.333333	false	false	false	39	v4l2request-copy	true	"{""aspect"":0.566038,""dh"":848,""dw"":480,""h"":848,""par"":1.0,""pixelformat"":""nv12"",""rotate"":0,""stereo-in"":""mono"",""w"":480}"	"{""duration"":""success"",""eof-reached"":""success"",""estimated-frame-number"":""success"",""filename"":""success"",""hwdec-current"":""success"",""idle-active"":""success"",""path"":""success"",""pause"":""success"",""percent-pos"":""success"",""time-pos"":""success"",""video-params"":""success"",""vo-configured"":""success""}"	true	playing	media-73d0e2214b	<media-path:31af3d58a2>	10000	0	true	"{""black_screen_risk_reason"":""null"",""blocked_media_count"":0,""consecutive_failures"":0,""current_index"":0,""current_item"":{""alias"":""media-73d0e2214b"",""duration_ms"":10000,""offset_ms"":0,""path_alias"":""<media-path:31af3d58a2>"",""started_at_present"":true},""last_poll_error"":""polling_disabled"",""last_render_error"":""null"",""mpv_running"":true,""next_item"":{},""playback_state"":""playing"",""playlist_size"":1,""present"":true,""uptime_sec"":41}"
40	39.226	2026-07-10T20:07:51+0000	success		10	<media-path:31af3d58a2>	<media-path:31af3d58a2>	<filename:92829f14a9>	0.166667	3.9	4.273504	false	false	false	5	v4l2request-copy	true	"{""aspect"":0.566038,""dh"":848,""dw"":480,""h"":848,""par"":1.0,""pixelformat"":""nv12"",""rotate"":0,""stereo-in"":""mono"",""w"":480}"	"{""duration"":""success"",""eof-reached"":""success"",""estimated-frame-number"":""success"",""filename"":""success"",""hwdec-current"":""success"",""idle-active"":""success"",""path"":""success"",""pause"":""success"",""percent-pos"":""success"",""time-pos"":""success"",""video-params"":""success"",""vo-configured"":""success""}"	true	playing	media-73d0e2214b	<media-path:31af3d58a2>	10000	0	true	"{""black_screen_risk_reason"":""null"",""blocked_media_count"":0,""consecutive_failures"":0,""current_index"":0,""current_item"":{""alias"":""media-73d0e2214b"",""duration_ms"":10000,""offset_ms"":0,""path_alias"":""<media-path:31af3d58a2>"",""started_at_present"":true},""last_poll_error"":""polling_disabled"",""last_render_error"":""null"",""mpv_running"":true,""next_item"":{},""playback_state"":""playing"",""playlist_size"":1,""present"":true,""uptime_sec"":41}"
41	40.238	2026-07-10T20:07:52+0000	success		2	<media-path:31af3d58a2>	<media-path:31af3d58a2>	<filename:92829f14a9>	1.166667	3.9	29.91453	false	false	false	35	v4l2request-copy	true	"{""aspect"":0.566038,""dh"":848,""dw"":480,""h"":848,""par"":1.0,""pixelformat"":""nv12"",""rotate"":0,""stereo-in"":""mono"",""w"":480}"	"{""duration"":""success"",""eof-reached"":""success"",""estimated-frame-number"":""success"",""filename"":""success"",""hwdec-current"":""success"",""idle-active"":""success"",""path"":""success"",""pause"":""success"",""percent-pos"":""success"",""time-pos"":""success"",""video-params"":""success"",""vo-configured"":""success""}"	true	playing	media-73d0e2214b	<media-path:31af3d58a2>	10000	0	true	"{""black_screen_risk_reason"":""null"",""blocked_media_count"":0,""consecutive_failures"":0,""current_index"":0,""current_item"":{""alias"":""media-73d0e2214b"",""duration_ms"":10000,""offset_ms"":0,""path_alias"":""<media-path:31af3d58a2>"",""started_at_present"":true},""last_poll_error"":""polling_disabled"",""last_render_error"":""null"",""mpv_running"":true,""next_item"":{},""playback_state"":""playing"",""playlist_size"":1,""present"":true,""uptime_sec"":41}"
42	41.243	2026-07-10T20:07:53+0000	success		3	<media-path:31af3d58a2>	<media-path:31af3d58a2>	<filename:92829f14a9>	2.2	3.9	56.410256	false	false	false	65	v4l2request-copy	true	"{""aspect"":0.566038,""dh"":848,""dw"":480,""h"":848,""par"":1.0,""pixelformat"":""nv12"",""rotate"":0,""stereo-in"":""mono"",""w"":480}"	"{""duration"":""success"",""eof-reached"":""success"",""estimated-frame-number"":""success"",""filename"":""success"",""hwdec-current"":""success"",""idle-active"":""success"",""path"":""success"",""pause"":""success"",""percent-pos"":""success"",""time-pos"":""success"",""video-params"":""success"",""vo-configured"":""success""}"	true	playing	media-73d0e2214b	<media-path:31af3d58a2>	10000	0	true	"{""black_screen_risk_reason"":""null"",""blocked_media_count"":0,""consecutive_failures"":0,""current_index"":0,""current_item"":{""alias"":""media-73d0e2214b"",""duration_ms"":10000,""offset_ms"":0,""path_alias"":""<media-path:31af3d58a2>"",""started_at_present"":true},""last_poll_error"":""polling_disabled"",""last_render_error"":""null"",""mpv_running"":true,""next_item"":{},""playback_state"":""playing"",""playlist_size"":1,""present"":true,""uptime_sec"":41}"
43	42.250	2026-07-10T20:07:54+0000	success		2	<media-path:31af3d58a2>	<media-path:31af3d58a2>	<filename:92829f14a9>	3.2	3.9	82.051282	false	false	false	95	v4l2request-copy	true	"{""aspect"":0.566038,""dh"":848,""dw"":480,""h"":848,""par"":1.0,""pixelformat"":""nv12"",""rotate"":0,""stereo-in"":""mono"",""w"":480}"	"{""duration"":""success"",""eof-reached"":""success"",""estimated-frame-number"":""success"",""filename"":""success"",""hwdec-current"":""success"",""idle-active"":""success"",""path"":""success"",""pause"":""success"",""percent-pos"":""success"",""time-pos"":""success"",""video-params"":""success"",""vo-configured"":""success""}"	true	playing	media-73d0e2214b	<media-path:31af3d58a2>	10000	0	true	"{""black_screen_risk_reason"":""null"",""blocked_media_count"":0,""consecutive_failures"":0,""current_index"":0,""current_item"":{""alias"":""media-73d0e2214b"",""duration_ms"":10000,""offset_ms"":0,""path_alias"":""<media-path:31af3d58a2>"",""started_at_present"":true},""last_poll_error"":""polling_disabled"",""last_render_error"":""null"",""mpv_running"":true,""next_item"":{},""playback_state"":""playing"",""playlist_size"":1,""present"":true,""uptime_sec"":46}"
44	43.254	2026-07-10T20:07:55+0000	success		2	<media-path:31af3d58a2>	<media-path:31af3d58a2>	<filename:92829f14a9>	0.266667	3.9	6.837607	false	false	false	8	v4l2request-copy	true	"{""aspect"":0.566038,""dh"":848,""dw"":480,""h"":848,""par"":1.0,""pixelformat"":""nv12"",""rotate"":0,""stereo-in"":""mono"",""w"":480}"	"{""duration"":""success"",""eof-reached"":""success"",""estimated-frame-number"":""success"",""filename"":""success"",""hwdec-current"":""success"",""idle-active"":""success"",""path"":""success"",""pause"":""success"",""percent-pos"":""success"",""time-pos"":""success"",""video-params"":""success"",""vo-configured"":""success""}"	true	playing	media-73d0e2214b	<media-path:31af3d58a2>	10000	0	true	"{""black_screen_risk_reason"":""null"",""blocked_media_count"":0,""consecutive_failures"":0,""current_index"":0,""current_item"":{""alias"":""media-73d0e2214b"",""duration_ms"":10000,""offset_ms"":0,""path_alias"":""<media-path:31af3d58a2>"",""started_at_present"":true},""last_poll_error"":""polling_disabled"",""last_render_error"":""null"",""mpv_running"":true,""next_item"":{},""playback_state"":""playing"",""playlist_size"":1,""present"":true,""uptime_sec"":46}"
45	44.258	2026-07-10T20:07:56+0000	success		2	<media-path:31af3d58a2>	<media-path:31af3d58a2>	<filename:92829f14a9>	1.266667	3.9	32.478632	false	false	false	38	v4l2request-copy	true	"{""aspect"":0.566038,""dh"":848,""dw"":480,""h"":848,""par"":1.0,""pixelformat"":""nv12"",""rotate"":0,""stereo-in"":""mono"",""w"":480}"	"{""duration"":""success"",""eof-reached"":""success"",""estimated-frame-number"":""success"",""filename"":""success"",""hwdec-current"":""success"",""idle-active"":""success"",""path"":""success"",""pause"":""success"",""percent-pos"":""success"",""time-pos"":""success"",""video-params"":""success"",""vo-configured"":""success""}"	true	playing	media-73d0e2214b	<media-path:31af3d58a2>	10000	0	true	"{""black_screen_risk_reason"":""null"",""blocked_media_count"":0,""consecutive_failures"":0,""current_index"":0,""current_item"":{""alias"":""media-73d0e2214b"",""duration_ms"":10000,""offset_ms"":0,""path_alias"":""<media-path:31af3d58a2>"",""started_at_present"":true},""last_poll_error"":""polling_disabled"",""last_render_error"":""null"",""mpv_running"":true,""next_item"":{},""playback_state"":""playing"",""playlist_size"":1,""present"":true,""uptime_sec"":46}"
46	45.263	2026-07-10T20:07:57+0000	success		9	<media-path:31af3d58a2>	<media-path:31af3d58a2>	<filename:92829f14a9>	2.266667	3.9	58.119658	false	false	false	67	v4l2request-copy	true	"{""aspect"":0.566038,""dh"":848,""dw"":480,""h"":848,""par"":1.0,""pixelformat"":""nv12"",""rotate"":0,""stereo-in"":""mono"",""w"":480}"	"{""duration"":""success"",""eof-reached"":""success"",""estimated-frame-number"":""success"",""filename"":""success"",""hwdec-current"":""success"",""idle-active"":""success"",""path"":""success"",""pause"":""success"",""percent-pos"":""success"",""time-pos"":""success"",""video-params"":""success"",""vo-configured"":""success""}"	true	playing	media-73d0e2214b	<media-path:31af3d58a2>	10000	0	true	"{""black_screen_risk_reason"":""null"",""blocked_media_count"":0,""consecutive_failures"":0,""current_index"":0,""current_item"":{""alias"":""media-73d0e2214b"",""duration_ms"":10000,""offset_ms"":0,""path_alias"":""<media-path:31af3d58a2>"",""started_at_present"":true},""last_poll_error"":""polling_disabled"",""last_render_error"":""null"",""mpv_running"":true,""next_item"":{},""playback_state"":""playing"",""playlist_size"":1,""present"":true,""uptime_sec"":46}"
47	46.275	2026-07-10T20:07:58+0000	success		2	<media-path:31af3d58a2>	<media-path:31af3d58a2>	<filename:92829f14a9>	3.266667	3.9	83.760684	false	false	false	97	v4l2request-copy	true	"{""aspect"":0.566038,""dh"":848,""dw"":480,""h"":848,""par"":1.0,""pixelformat"":""nv12"",""rotate"":0,""stereo-in"":""mono"",""w"":480}"	"{""duration"":""success"",""eof-reached"":""success"",""estimated-frame-number"":""success"",""filename"":""success"",""hwdec-current"":""success"",""idle-active"":""success"",""path"":""success"",""pause"":""success"",""percent-pos"":""success"",""time-pos"":""success"",""video-params"":""success"",""vo-configured"":""success""}"	true	playing	media-73d0e2214b	<media-path:31af3d58a2>	10000	0	true	"{""black_screen_risk_reason"":""null"",""blocked_media_count"":0,""consecutive_failures"":0,""current_index"":0,""current_item"":{""alias"":""media-73d0e2214b"",""duration_ms"":10000,""offset_ms"":0,""path_alias"":""<media-path:31af3d58a2>"",""started_at_present"":true},""last_poll_error"":""polling_disabled"",""last_render_error"":""null"",""mpv_running"":true,""next_item"":{},""playback_state"":""playing"",""playlist_size"":1,""present"":true,""uptime_sec"":46}"
48	47.279	2026-07-10T20:07:59+0000	success		2	<media-path:31af3d58a2>	<media-path:31af3d58a2>	<filename:92829f14a9>	0.333333	3.9	8.547009	false	false	false	10	v4l2request-copy	true	"{""aspect"":0.566038,""dh"":848,""dw"":480,""h"":848,""par"":1.0,""pixelformat"":""nv12"",""rotate"":0,""stereo-in"":""mono"",""w"":480}"	"{""duration"":""success"",""eof-reached"":""success"",""estimated-frame-number"":""success"",""filename"":""success"",""hwdec-current"":""success"",""idle-active"":""success"",""path"":""success"",""pause"":""success"",""percent-pos"":""success"",""time-pos"":""success"",""video-params"":""success"",""vo-configured"":""success""}"	true	playing	media-73d0e2214b	<media-path:31af3d58a2>	10000	0	true	"{""black_screen_risk_reason"":""null"",""blocked_media_count"":0,""consecutive_failures"":0,""current_index"":0,""current_item"":{""alias"":""media-73d0e2214b"",""duration_ms"":10000,""offset_ms"":0,""path_alias"":""<media-path:31af3d58a2>"",""started_at_present"":true},""last_poll_error"":""polling_disabled"",""last_render_error"":""null"",""mpv_running"":true,""next_item"":{},""playback_state"":""playing"",""playlist_size"":1,""present"":true,""uptime_sec"":51}"
49	48.283	2026-07-10T20:08:00+0000	success		2	<media-path:31af3d58a2>	<media-path:31af3d58a2>	<filename:92829f14a9>	1.366667	3.9	35.042735	false	false	false	41	v4l2request-copy	true	"{""aspect"":0.566038,""dh"":848,""dw"":480,""h"":848,""par"":1.0,""pixelformat"":""nv12"",""rotate"":0,""stereo-in"":""mono"",""w"":480}"	"{""duration"":""success"",""eof-reached"":""success"",""estimated-frame-number"":""success"",""filename"":""success"",""hwdec-current"":""success"",""idle-active"":""success"",""path"":""success"",""pause"":""success"",""percent-pos"":""success"",""time-pos"":""success"",""video-params"":""success"",""vo-configured"":""success""}"	true	playing	media-73d0e2214b	<media-path:31af3d58a2>	10000	0	true	"{""black_screen_risk_reason"":""null"",""blocked_media_count"":0,""consecutive_failures"":0,""current_index"":0,""current_item"":{""alias"":""media-73d0e2214b"",""duration_ms"":10000,""offset_ms"":0,""path_alias"":""<media-path:31af3d58a2>"",""started_at_present"":true},""last_poll_error"":""polling_disabled"",""last_render_error"":""null"",""mpv_running"":true,""next_item"":{},""playback_state"":""playing"",""playlist_size"":1,""present"":true,""uptime_sec"":51}"
50	49.288	2026-07-10T20:08:01+0000	success		3	<media-path:31af3d58a2>	<media-path:31af3d58a2>	<filename:92829f14a9>	0.233333	3.9	5.982906	false	false	false	7	v4l2request-copy	true	"{""aspect"":0.566038,""dh"":848,""dw"":480,""h"":848,""par"":1.0,""pixelformat"":""nv12"",""rotate"":0,""stereo-in"":""mono"",""w"":480}"	"{""duration"":""success"",""eof-reached"":""success"",""estimated-frame-number"":""success"",""filename"":""success"",""hwdec-current"":""success"",""idle-active"":""success"",""path"":""success"",""pause"":""success"",""percent-pos"":""success"",""time-pos"":""success"",""video-params"":""success"",""vo-configured"":""success""}"	true	playing	media-73d0e2214b	<media-path:31af3d58a2>	10000	0	true	"{""black_screen_risk_reason"":""null"",""blocked_media_count"":0,""consecutive_failures"":0,""current_index"":0,""current_item"":{""alias"":""media-73d0e2214b"",""duration_ms"":10000,""offset_ms"":0,""path_alias"":""<media-path:31af3d58a2>"",""started_at_present"":true},""last_poll_error"":""polling_disabled"",""last_render_error"":""null"",""mpv_running"":true,""next_item"":{},""playback_state"":""playing"",""playlist_size"":1,""present"":true,""uptime_sec"":51}"
51	50.293	2026-07-10T20:08:02+0000	success		2	<media-path:31af3d58a2>	<media-path:31af3d58a2>	<filename:92829f14a9>	1.233333	3.9	31.623932	false	false	false	37	v4l2request-copy	true	"{""aspect"":0.566038,""dh"":848,""dw"":480,""h"":848,""par"":1.0,""pixelformat"":""nv12"",""rotate"":0,""stereo-in"":""mono"",""w"":480}"	"{""duration"":""success"",""eof-reached"":""success"",""estimated-frame-number"":""success"",""filename"":""success"",""hwdec-current"":""success"",""idle-active"":""success"",""path"":""success"",""pause"":""success"",""percent-pos"":""success"",""time-pos"":""success"",""video-params"":""success"",""vo-configured"":""success""}"	true	playing	media-73d0e2214b	<media-path:31af3d58a2>	10000	0	true	"{""black_screen_risk_reason"":""null"",""blocked_media_count"":0,""consecutive_failures"":0,""current_index"":0,""current_item"":{""alias"":""media-73d0e2214b"",""duration_ms"":10000,""offset_ms"":0,""path_alias"":""<media-path:31af3d58a2>"",""started_at_present"":true},""last_poll_error"":""polling_disabled"",""last_render_error"":""null"",""mpv_running"":true,""next_item"":{},""playback_state"":""playing"",""playlist_size"":1,""present"":true,""uptime_sec"":51}"
52	51.297	2026-07-10T20:08:03+0000	success		2	<media-path:31af3d58a2>	<media-path:31af3d58a2>	<filename:92829f14a9>	2.233333	3.9	57.264957	false	false	false	66	v4l2request-copy	true	"{""aspect"":0.566038,""dh"":848,""dw"":480,""h"":848,""par"":1.0,""pixelformat"":""nv12"",""rotate"":0,""stereo-in"":""mono"",""w"":480}"	"{""duration"":""success"",""eof-reached"":""success"",""estimated-frame-number"":""success"",""filename"":""success"",""hwdec-current"":""success"",""idle-active"":""success"",""path"":""success"",""pause"":""success"",""percent-pos"":""success"",""time-pos"":""success"",""video-params"":""success"",""vo-configured"":""success""}"	true	playing	media-73d0e2214b	<media-path:31af3d58a2>	10000	0	true	"{""black_screen_risk_reason"":""null"",""blocked_media_count"":0,""consecutive_failures"":0,""current_index"":0,""current_item"":{""alias"":""media-73d0e2214b"",""duration_ms"":10000,""offset_ms"":0,""path_alias"":""<media-path:31af3d58a2>"",""started_at_present"":true},""last_poll_error"":""polling_disabled"",""last_render_error"":""null"",""mpv_running"":true,""next_item"":{},""playback_state"":""playing"",""playlist_size"":1,""present"":true,""uptime_sec"":51}"
53	52.301	2026-07-10T20:08:04+0000	success		3	<media-path:31af3d58a2>	<media-path:31af3d58a2>	<filename:92829f14a9>	3.233333	3.9	82.905983	false	false	false	96	v4l2request-copy	true	"{""aspect"":0.566038,""dh"":848,""dw"":480,""h"":848,""par"":1.0,""pixelformat"":""nv12"",""rotate"":0,""stereo-in"":""mono"",""w"":480}"	"{""duration"":""success"",""eof-reached"":""success"",""estimated-frame-number"":""success"",""filename"":""success"",""hwdec-current"":""success"",""idle-active"":""success"",""path"":""success"",""pause"":""success"",""percent-pos"":""success"",""time-pos"":""success"",""video-params"":""success"",""vo-configured"":""success""}"	true	playing	media-73d0e2214b	<media-path:31af3d58a2>	10000	0	true	"{""black_screen_risk_reason"":""null"",""blocked_media_count"":0,""consecutive_failures"":0,""current_index"":0,""current_item"":{""alias"":""media-73d0e2214b"",""duration_ms"":10000,""offset_ms"":0,""path_alias"":""<media-path:31af3d58a2>"",""started_at_present"":true},""last_poll_error"":""polling_disabled"",""last_render_error"":""null"",""mpv_running"":true,""next_item"":{},""playback_state"":""playing"",""playlist_size"":1,""present"":true,""uptime_sec"":56}"
54	53.308	2026-07-10T20:08:05+0000	success		2	<media-path:31af3d58a2>	<media-path:31af3d58a2>	<filename:92829f14a9>	0.3	3.9	7.692308	false	false	false	9	v4l2request-copy	true	"{""aspect"":0.566038,""dh"":848,""dw"":480,""h"":848,""par"":1.0,""pixelformat"":""nv12"",""rotate"":0,""stereo-in"":""mono"",""w"":480}"	"{""duration"":""success"",""eof-reached"":""success"",""estimated-frame-number"":""success"",""filename"":""success"",""hwdec-current"":""success"",""idle-active"":""success"",""path"":""success"",""pause"":""success"",""percent-pos"":""success"",""time-pos"":""success"",""video-params"":""success"",""vo-configured"":""success""}"	true	playing	media-73d0e2214b	<media-path:31af3d58a2>	10000	0	true	"{""black_screen_risk_reason"":""null"",""blocked_media_count"":0,""consecutive_failures"":0,""current_index"":0,""current_item"":{""alias"":""media-73d0e2214b"",""duration_ms"":10000,""offset_ms"":0,""path_alias"":""<media-path:31af3d58a2>"",""started_at_present"":true},""last_poll_error"":""polling_disabled"",""last_render_error"":""null"",""mpv_running"":true,""next_item"":{},""playback_state"":""playing"",""playlist_size"":1,""present"":true,""uptime_sec"":56}"
55	54.312	2026-07-10T20:08:06+0000	success		2	<media-path:31af3d58a2>	<media-path:31af3d58a2>	<filename:92829f14a9>	1.3	3.9	33.333333	false	false	false	39	v4l2request-copy	true	"{""aspect"":0.566038,""dh"":848,""dw"":480,""h"":848,""par"":1.0,""pixelformat"":""nv12"",""rotate"":0,""stereo-in"":""mono"",""w"":480}"	"{""duration"":""success"",""eof-reached"":""success"",""estimated-frame-number"":""success"",""filename"":""success"",""hwdec-current"":""success"",""idle-active"":""success"",""path"":""success"",""pause"":""success"",""percent-pos"":""success"",""time-pos"":""success"",""video-params"":""success"",""vo-configured"":""success""}"	true	playing	media-73d0e2214b	<media-path:31af3d58a2>	10000	0	true	"{""black_screen_risk_reason"":""null"",""blocked_media_count"":0,""consecutive_failures"":0,""current_index"":0,""current_item"":{""alias"":""media-73d0e2214b"",""duration_ms"":10000,""offset_ms"":0,""path_alias"":""<media-path:31af3d58a2>"",""started_at_present"":true},""last_poll_error"":""polling_disabled"",""last_render_error"":""null"",""mpv_running"":true,""next_item"":{},""playback_state"":""playing"",""playlist_size"":1,""present"":true,""uptime_sec"":56}"
56	55.317	2026-07-10T20:08:07+0000	success		3	<media-path:31af3d58a2>	<media-path:31af3d58a2>	<filename:92829f14a9>	2.3	3.9	58.974359	false	false	false	68	v4l2request-copy	true	"{""aspect"":0.566038,""dh"":848,""dw"":480,""h"":848,""par"":1.0,""pixelformat"":""nv12"",""rotate"":0,""stereo-in"":""mono"",""w"":480}"	"{""duration"":""success"",""eof-reached"":""success"",""estimated-frame-number"":""success"",""filename"":""success"",""hwdec-current"":""success"",""idle-active"":""success"",""path"":""success"",""pause"":""success"",""percent-pos"":""success"",""time-pos"":""success"",""video-params"":""success"",""vo-configured"":""success""}"	true	playing	media-73d0e2214b	<media-path:31af3d58a2>	10000	0	true	"{""black_screen_risk_reason"":""null"",""blocked_media_count"":0,""consecutive_failures"":0,""current_index"":0,""current_item"":{""alias"":""media-73d0e2214b"",""duration_ms"":10000,""offset_ms"":0,""path_alias"":""<media-path:31af3d58a2>"",""started_at_present"":true},""last_poll_error"":""polling_disabled"",""last_render_error"":""null"",""mpv_running"":true,""next_item"":{},""playback_state"":""playing"",""playlist_size"":1,""present"":true,""uptime_sec"":56}"
57	56.324	2026-07-10T20:08:08+0000	success		6	<media-path:31af3d58a2>	<media-path:31af3d58a2>	<filename:92829f14a9>	3.3	3.9	84.615385	false	false	false	98	v4l2request-copy	true	"{""aspect"":0.566038,""dh"":848,""dw"":480,""h"":848,""par"":1.0,""pixelformat"":""nv12"",""rotate"":0,""stereo-in"":""mono"",""w"":480}"	"{""duration"":""success"",""eof-reached"":""success"",""estimated-frame-number"":""success"",""filename"":""success"",""hwdec-current"":""success"",""idle-active"":""success"",""path"":""success"",""pause"":""success"",""percent-pos"":""success"",""time-pos"":""success"",""video-params"":""success"",""vo-configured"":""success""}"	true	playing	media-73d0e2214b	<media-path:31af3d58a2>	10000	0	true	"{""black_screen_risk_reason"":""null"",""blocked_media_count"":0,""consecutive_failures"":0,""current_index"":0,""current_item"":{""alias"":""media-73d0e2214b"",""duration_ms"":10000,""offset_ms"":0,""path_alias"":""<media-path:31af3d58a2>"",""started_at_present"":true},""last_poll_error"":""polling_disabled"",""last_render_error"":""null"",""mpv_running"":true,""next_item"":{},""playback_state"":""playing"",""playlist_size"":1,""present"":true,""uptime_sec"":56}"
58	57.332	2026-07-10T20:08:09+0000	success		2	<media-path:31af3d58a2>	<media-path:31af3d58a2>	<filename:92829f14a9>	0.366667	3.9	9.401709	false	false	false	11	v4l2request-copy	true	"{""aspect"":0.566038,""dh"":848,""dw"":480,""h"":848,""par"":1.0,""pixelformat"":""nv12"",""rotate"":0,""stereo-in"":""mono"",""w"":480}"	"{""duration"":""success"",""eof-reached"":""success"",""estimated-frame-number"":""success"",""filename"":""success"",""hwdec-current"":""success"",""idle-active"":""success"",""path"":""success"",""pause"":""success"",""percent-pos"":""success"",""time-pos"":""success"",""video-params"":""success"",""vo-configured"":""success""}"	true	playing	media-73d0e2214b	<media-path:31af3d58a2>	10000	0	true	"{""black_screen_risk_reason"":""null"",""blocked_media_count"":0,""consecutive_failures"":0,""current_index"":0,""current_item"":{""alias"":""media-73d0e2214b"",""duration_ms"":10000,""offset_ms"":0,""path_alias"":""<media-path:31af3d58a2>"",""started_at_present"":true},""last_poll_error"":""polling_disabled"",""last_render_error"":""null"",""mpv_running"":true,""next_item"":{},""playback_state"":""playing"",""playlist_size"":1,""present"":true,""uptime_sec"":61}"
59	58.336	2026-07-10T20:08:10+0000	success		2	<media-path:31af3d58a2>	<media-path:31af3d58a2>	<filename:92829f14a9>	1.366667	3.9	35.042735	false	false	false	41	v4l2request-copy	true	"{""aspect"":0.566038,""dh"":848,""dw"":480,""h"":848,""par"":1.0,""pixelformat"":""nv12"",""rotate"":0,""stereo-in"":""mono"",""w"":480}"	"{""duration"":""success"",""eof-reached"":""success"",""estimated-frame-number"":""success"",""filename"":""success"",""hwdec-current"":""success"",""idle-active"":""success"",""path"":""success"",""pause"":""success"",""percent-pos"":""success"",""time-pos"":""success"",""video-params"":""success"",""vo-configured"":""success""}"	true	playing	media-73d0e2214b	<media-path:31af3d58a2>	10000	0	true	"{""black_screen_risk_reason"":""null"",""blocked_media_count"":0,""consecutive_failures"":0,""current_index"":0,""current_item"":{""alias"":""media-73d0e2214b"",""duration_ms"":10000,""offset_ms"":0,""path_alias"":""<media-path:31af3d58a2>"",""started_at_present"":true},""last_poll_error"":""polling_disabled"",""last_render_error"":""null"",""mpv_running"":true,""next_item"":{},""playback_state"":""playing"",""playlist_size"":1,""present"":true,""uptime_sec"":61}"
60	59.341	2026-07-10T20:08:11+0000	success		2	<media-path:31af3d58a2>	<media-path:31af3d58a2>	<filename:92829f14a9>	0.233333	3.9	5.982906	false	false	false	7	v4l2request-copy	true	"{""aspect"":0.566038,""dh"":848,""dw"":480,""h"":848,""par"":1.0,""pixelformat"":""nv12"",""rotate"":0,""stereo-in"":""mono"",""w"":480}"	"{""duration"":""success"",""eof-reached"":""success"",""estimated-frame-number"":""success"",""filename"":""success"",""hwdec-current"":""success"",""idle-active"":""success"",""path"":""success"",""pause"":""success"",""percent-pos"":""success"",""time-pos"":""success"",""video-params"":""success"",""vo-configured"":""success""}"	true	playing	media-73d0e2214b	<media-path:31af3d58a2>	10000	0	true	"{""black_screen_risk_reason"":""null"",""blocked_media_count"":0,""consecutive_failures"":0,""current_index"":0,""current_item"":{""alias"":""media-73d0e2214b"",""duration_ms"":10000,""offset_ms"":0,""path_alias"":""<media-path:31af3d58a2>"",""started_at_present"":true},""last_poll_error"":""polling_disabled"",""last_render_error"":""null"",""mpv_running"":true,""next_item"":{},""playback_state"":""playing"",""playlist_size"":1,""present"":true,""uptime_sec"":61}"
