elapsed_sec,pid,rss_kb,fd_count,thread_count,child_count,screen_count,refresh_file_count
0,112824,44816,6,1,0,1,0
1,112824,44816,6,1,0,1,0
2,112824,44816,6,1,0,1,0
3,112824,44816,6,1,0,1,0
4,112824,44816,6,1,0,1,0
5,112824,44816,6,1,0,1,0
6,112824,44816,6,1,0,1,0
7,112824,44816,6,1,0,1,0
8,112824,44816,6,1,0,1,0
10,112824,44816,6,1,0,1,0
11,112824,44820,9,2,0,1,0
12,112824,44820,9,2,0,1,0
13,112824,44816,6,1,0,1,0
14,112824,44816,6,1,0,1,0
15,112824,44816,6,1,0,1,0
16,112824,44816,6,1,0,1,0
17,112824,44816,6,1,0,1,0
19,112824,44816,6,1,0,1,0
20,112824,44816,6,1,0,1,0
21,112824,44816,6,1,0,1,0
22,112824,44816,6,1,0,1,0
23,112824,44816,6,1,0,1,0
24,112824,44816,6,1,0,1,0
25,112824,44816,6,1,0,1,0
26,112824,44816,6,1,0,1,0
28,112824,44820,9,2,0,1,0
29,112824,44816,6,1,0,1,0
30,112824,44816,6,1,0,1,0
31,112824,44816,6,1,0,1,0
32,112824,44816,6,1,0,1,0
33,112824,44816,6,1,0,1,0
34,112824,44816,6,1,0,1,0
35,112824,44816,6,1,0,1,0
36,112824,44816,6,1,0,1,0
37,112824,44816,6,1,0,1,0
39,112824,44816,6,1,0,1,0
40,112824,44816,6,1,0,1,0
41,112824,44816,6,1,0,1,0
42,112824,44816,6,1,0,1,0
43,112824,44816,6,1,0,1,0
44,112824,44820,9,2,0,1,0
45,112824,44816,6,1,0,1,0
46,112824,44816,6,1,0,1,0
48,112824,44816,6,1,0,1,0
49,112824,44816,6,1,0,1,0
50,112824,44816,6,1,0,1,0
51,112824,44816,6,1,0,1,0
52,112824,44816,6,1,0,1,0
53,112824,44816,6,1,0,1,0
54,112824,44816,6,1,0,1,0
55,112824,44816,6,1,0,1,0
57,112824,44816,6,1,0,1,0
58,112824,44816,6,1,0,1,0
59,112824,44816,6,1,0,1,0
60,112824,44820,9,2,0,1,0
61,112824,44820,9,2,0,1,0
62,112824,44816,6,1,0,1,0
63,112824,44816,6,1,0,1,0
64,112824,44816,6,1,0,1,0
65,112824,44816,6,1,0,1,0
67,112824,44816,6,1,0,1,0
68,112824,44816,6,1,0,1,0
69,112824,44816,6,1,0,1,0
70,112824,44816,6,1,0,1,0
71,112824,44816,6,1,0,1,0
72,112824,44816,6,1,0,1,0
73,112824,44816,6,1,0,1,0
74,112824,44816,6,1,0,1,0
76,112824,44816,6,1,0,1,0
77,112824,44820,9,2,0,1,0
78,112824,44816,6,1,0,1,0
79,112824,44816,6,1,0,1,0
80,112824,44816,6,1,0,1,0
81,112824,44816,6,1,0,1,0
82,112824,44816,6,1,0,1,0
83,112824,44816,6,1,0,1,0
85,112824,44816,6,1,0,1,0
86,112824,44816,6,1,0,1,0
87,112824,44816,6,1,0,1,0
88,112824,44816,6,1,0,1,0
89,112824,44816,6,1,0,1,0
90,112824,44816,6,1,0,1,0
91,112824,44816,6,1,0,1,0
92,112824,44816,6,1,0,1,0
94,112824,44820,9,2,0,1,0
95,112824,44816,6,1,0,1,0
96,112824,44816,6,1,0,1,0
97,112824,44816,6,1,0,1,0
98,112824,44816,6,1,0,1,0
99,112824,44816,6,1,0,1,0
100,112824,44816,6,1,0,1,0
101,112824,44816,6,1,0,1,0
102,112824,44816,6,1,0,1,0
104,112824,44816,6,1,0,1,0
105,112824,44816,6,1,0,1,0
106,112824,44816,6,1,0,1,0
107,112824,44816,6,1,0,1,0
108,112824,44816,6,1,0,1,0
109,112824,44820,9,2,0,1,0
110,112824,44820,9,2,0,1,0
112,112824,44816,6,1,0,1,0
113,112824,44816,6,1,0,1,0
114,112824,44816,6,1,0,1,0
115,112824,44816,6,1,0,1,0
116,112824,44816,6,1,0,1,0
117,112824,44816,6,1,0,1,0
118,112824,44816,6,1,0,1,0
119,112824,44816,6,1,0,1,0
120,112824,44816,6,1,0,1,0
122,112824,44816,6,1,0,1,0
123,112824,44816,6,1,0,1,0
124,112824,44816,6,1,0,1,0
125,112824,44816,6,1,0,1,0
126,112824,44820,9,2,0,1,0
127,112824,44816,6,1,0,1,0
128,112824,44816,6,1,0,1,0
129,112824,44816,6,1,0,1,0
131,112824,44816,6,1,0,1,0
132,112824,44816,6,1,0,1,0
133,112824,44816,6,1,0,1,0
134,112824,44816,6,1,0,1,0
135,112824,44816,6,1,0,1,0
136,112824,44816,6,1,0,1,0
137,112824,44816,6,1,0,1,0
138,112824,44816,6,1,0,1,0
140,112824,44816,6,1,0,1,0
141,112824,44816,6,1,0,1,0
142,112824,44816,6,1,0,1,0
143,112824,44820,9,2,0,1,0
144,112824,44816,6,1,0,1,0
145,112824,44816,6,1,0,1,0
146,112824,44816,6,1,0,1,0
147,112824,44816,6,1,0,1,0
148,112824,44816,6,1,0,1,0
150,112824,44816,6,1,0,1,0
151,112824,44816,6,1,0,1,0
152,112824,44816,6,1,0,1,0
153,112824,44816,6,1,0,1,0
154,112824,44816,6,1,0,1,0
155,112824,44816,6,1,0,1,0
156,112824,44816,6,1,0,1,0
158,112824,44816,6,1,0,1,0
159,112824,44820,9,2,0,1,0
160,112824,44820,9,2,0,1,0
161,112824,44816,6,1,0,1,0
162,112824,44816,6,1,0,1,0
163,112824,44816,6,1,0,1,0
164,112824,44816,6,1,0,1,0
165,112824,44816,6,1,0,1,0
166,112824,44816,6,1,0,1,0
168,112824,44816,6,1,0,1,0
169,112824,44816,6,1,0,1,0
170,112824,44816,6,1,0,1,0
171,112824,44816,6,1,0,1,0
172,112824,44816,6,1,0,1,0
173,112824,44816,6,1,0,1,0
174,112824,44816,6,1,0,1,0
175,112824,44820,9,2,0,1,0
177,112824,44816,6,1,0,1,0
178,112824,44816,6,1,0,1,0
179,112824,44816,6,1,0,1,0
180,112824,44816,6,1,0,1,0
181,112824,44816,6,1,0,1,0
182,112824,44816,6,1,0,1,0
183,112824,44816,6,1,0,1,0
184,112824,44816,6,1,0,1,0
185,112824,44816,6,1,0,1,0
187,112824,44816,6,1,0,1,0
188,112824,44816,6,1,0,1,0
189,112824,44816,6,1,0,1,0
190,112824,44816,6,1,0,1,0
191,112824,44816,6,1,0,1,0
192,112824,44820,9,2,0,1,0
193,112824,44816,6,1,0,1,0
194,112824,44816,6,1,0,1,0
196,112824,44816,6,1,0,1,0
197,112824,44816,6,1,0,1,0
198,112824,44816,6,1,0,1,0
199,112824,44816,6,1,0,1,0
200,112824,44816,6,1,0,1,0
201,112824,44816,6,1,0,1,0
202,112824,44816,6,1,0,1,0
203,112824,44816,6,1,0,1,0
205,112824,44816,6,1,0,1,0
206,112824,44816,6,1,0,1,0
207,112824,44816,6,1,0,1,0
208,112824,44820,12,2,0,1,0
209,112824,44820,9,2,0,1,0
210,112824,44816,6,1,0,1,0
211,112824,44816,6,1,0,1,0
212,112824,44816,6,1,0,1,0
214,112824,44816,6,1,0,1,0
215,112824,44816,6,1,0,1,0
216,112824,44816,6,1,0,1,0
217,112824,44816,6,1,0,1,0
218,112824,44816,6,1,0,1,0
219,112824,44816,6,1,0,1,0
220,112824,44816,6,1,0,1,0
221,112824,44816,6,1,0,1,0
223,112824,44816,6,1,0,1,0
224,112824,44816,6,1,0,1,0
225,112824,44820,9,2,0,1,0
226,112824,44816,6,1,0,1,0
227,112824,44816,6,1,0,1,0
228,112824,44816,6,1,0,1,0
229,112824,44816,6,1,0,1,0
230,112824,44816,6,1,0,1,0
232,112824,44816,6,1,0,1,0
233,112824,44816,6,1,0,1,0
234,112824,44816,6,1,0,1,0
235,112824,44816,6,1,0,1,0
236,112824,44816,6,1,0,1,0
237,112824,44816,6,1,0,1,0
238,112824,44816,6,1,0,1,0
239,112824,44816,6,1,0,1,0
241,112824,44816,6,1,0,1,0
242,112824,44820,9,2,0,1,0
243,112824,44816,6,1,0,1,0
244,112824,44816,6,1,0,1,0
245,112824,44816,6,1,0,1,0
246,112824,44816,6,1,0,1,0
247,112824,44816,6,1,0,1,0
248,112824,44816,6,1,0,1,0
249,112824,44816,6,1,0,1,0
251,112824,44816,6,1,0,1,0
252,112824,44816,6,1,0,1,0
253,112824,44816,6,1,0,1,0
254,112824,44816,6,1,0,1,0
255,112824,44816,6,1,0,1,0
256,112824,44816,6,1,0,1,0
257,112824,44820,9,2,0,1,0
259,112824,44816,6,1,0,1,0
260,112824,44816,6,1,0,1,0
261,112824,44816,6,1,0,1,0
262,112824,44816,6,1,0,1,0
263,112824,44816,6,1,0,1,0
264,112824,44816,6,1,0,1,0
265,112824,44816,6,1,0,1,0
266,112824,44816,6,1,0,1,0
267,112824,44816,6,1,0,1,0
268,112824,44816,6,1,0,1,0
270,112824,44816,6,1,0,1,0
271,112824,44816,6,1,0,1,0
272,112824,44816,6,1,0,1,0
273,112824,44816,6,1,0,1,0
274,112824,44820,9,2,0,1,0
275,112824,44816,6,1,0,1,0
276,112824,44816,6,1,0,1,0
277,112824,44816,6,1,0,1,0
279,112824,44816,6,1,0,1,0
280,112824,44816,6,1,0,1,0
281,112824,44816,6,1,0,1,0
282,112824,44816,6,1,0,1,0
283,112824,44816,6,1,0,1,0
284,112824,44816,6,1,0,1,0
285,112824,44816,6,1,0,1,0
286,112824,44816,6,1,0,1,0
288,112824,44816,6,1,0,1,0
289,112824,44816,6,1,0,1,0
290,112824,44816,6,1,0,1,0
291,112824,44820,9,2,0,1,0
292,112824,44816,6,1,0,1,0
293,112824,44816,6,1,0,1,0
294,112824,44816,6,1,0,1,0
295,112824,44816,6,1,0,1,0
297,112824,44816,6,1,0,1,0
298,112824,44816,6,1,0,1,0
299,112824,44816,6,1,0,1,0
300,112824,44816,6,1,0,1,0
301,112824,44816,6,1,0,1,0
302,112824,44816,6,1,0,1,0
303,112824,44816,6,1,0,1,0
304,112824,44816,6,1,0,1,0
306,112824,44816,6,1,0,1,0
307,112824,44820,9,2,0,1,0
308,112824,44816,6,1,0,1,0
309,112824,44816,6,1,0,1,0
310,112824,44816,6,1,0,1,0
311,112824,44816,6,1,0,1,0
312,112824,44816,6,1,0,1,0
313,112824,44816,6,1,0,1,0
314,112824,44816,6,1,0,1,0
316,112824,44816,6,1,0,1,0
317,112824,44816,6,1,0,1,0
318,112824,44816,6,1,0,1,0
319,112824,44816,6,1,0,1,0
320,112824,44816,6,1,0,1,0
321,112824,44816,6,1,0,1,0
322,112824,44816,6,1,0,1,0
323,112824,44820,9,2,0,1,0
325,112824,44816,6,1,0,1,0
326,112824,44816,6,1,0,1,0
327,112824,44816,6,1,0,1,0
328,112824,44816,6,1,0,1,0
329,112824,44816,6,1,0,1,0
330,112824,44816,6,1,0,1,0
331,112824,44816,6,1,0,1,0
332,112824,44816,6,1,0,1,0
333,112824,44816,6,1,0,1,0
335,112824,44816,6,1,0,1,0
336,112824,44816,6,1,0,1,0
337,112824,44816,6,1,0,1,0
338,112824,44816,6,1,0,1,0
339,112824,44816,6,1,0,1,0
340,112824,44820,9,2,0,1,0
341,112824,44816,6,1,0,1,0
342,112824,44816,6,1,0,1,0
344,112824,44816,6,1,0,1,0
345,112824,44816,6,1,0,1,0
346,112824,44816,6,1,0,1,0
347,112824,44816,6,1,0,1,0
348,112824,44816,6,1,0,1,0
349,112824,44816,6,1,0,1,0
350,112824,44816,6,1,0,1,0
351,112824,44816,6,1,0,1,0
353,112824,44816,6,1,0,1,0
354,112824,44816,6,1,0,1,0
355,112824,44816,6,1,0,1,0
356,112824,44820,9,2,0,1,0
357,112824,44820,9,2,0,1,0
358,112824,44816,6,1,0,1,0
359,112824,44816,6,1,0,1,0
360,112824,44816,6,1,0,1,0
361,112824,44816,6,1,0,1,0
363,112824,44816,6,1,0,1,0
364,112824,44816,6,1,0,1,0
365,112824,44816,6,1,0,1,0
366,112824,44816,6,1,0,1,0
367,112824,44816,6,1,0,1,0
368,112824,44816,6,1,0,1,0
369,112824,44816,6,1,0,1,0
370,112824,44816,6,1,0,1,0
372,112824,44816,6,1,0,1,0
373,112824,44820,9,2,0,1,0
374,112824,44816,6,1,0,1,0
375,112824,44816,6,1,0,1,0
376,112824,44816,6,1,0,1,0
377,112824,44816,6,1,0,1,0
378,112824,44816,6,1,0,1,0
379,112824,44816,6,1,0,1,0
381,112824,44816,6,1,0,1,0
382,112824,44816,6,1,0,1,0
383,112824,44816,6,1,0,1,0
384,112824,44816,6,1,0,1,0
385,112824,44816,6,1,0,1,0
386,112824,44816,6,1,0,1,0
387,112824,44816,6,1,0,1,0
388,112824,44816,6,1,0,1,0
390,112824,44820,9,2,0,1,0
391,112824,44816,6,1,0,1,0
392,112824,44816,6,1,0,1,0
393,112824,44816,6,1,0,1,0
394,112824,44816,6,1,0,1,0
395,112824,44816,6,1,0,1,0
396,112824,44816,6,1,0,1,0
397,112824,44816,6,1,0,1,0
398,112824,44816,6,1,0,1,0
400,112824,44816,6,1,0,1,0
401,112824,44816,6,1,0,1,0
402,112824,44816,6,1,0,1,0
403,112824,44816,6,1,0,1,0
404,112824,44816,6,1,0,1,0
405,112824,44820,9,2,0,1,0
406,112824,44816,6,1,0,1,0
407,112824,44816,6,1,0,1,0
409,112824,44816,6,1,0,1,0
410,112824,44816,6,1,0,1,0
411,112824,44816,6,1,0,1,0
412,112824,44816,6,1,0,1,0
413,112824,44816,6,1,0,1,0
414,112824,44816,6,1,0,1,0
415,112824,44816,6,1,0,1,0
416,112824,44816,6,1,0,1,0
418,112824,44816,6,1,0,1,0
419,112824,44816,6,1,0,1,0
420,112824,44816,6,1,0,1,0
421,112824,44816,6,1,0,1,0
422,112824,44820,9,2,0,1,0
423,112824,44816,6,1,0,1,0
424,112824,44816,6,1,0,1,0
425,112824,44816,6,1,0,1,0
426,112824,44816,6,1,0,1,0
428,112824,44816,6,1,0,1,0
429,112824,44816,6,1,0,1,0
430,112824,44816,6,1,0,1,0
431,112824,44816,6,1,0,1,0
432,112824,44816,6,1,0,1,0
433,112824,44816,6,1,0,1,0
434,112824,44816,6,1,0,1,0
435,112824,44816,6,1,0,1,0
437,112824,44816,6,1,0,1,0
438,112824,44816,6,1,0,1,0
439,112824,44820,9,2,0,1,0
440,112824,44816,6,1,0,1,0
441,112824,44816,6,1,0,1,0
442,112824,44816,6,1,0,1,0
443,112824,44816,6,1,0,1,0
444,112824,44816,6,1,0,1,0
446,112824,44816,6,1,0,1,0
447,112824,44816,6,1,0,1,0
448,112824,44816,6,1,0,1,0
449,112824,44816,6,1,0,1,0
450,112824,44816,6,1,0,1,0
451,112824,44816,6,1,0,1,0
452,112824,44816,6,1,0,1,0
453,112824,44816,6,1,0,1,0
455,112824,44820,9,2,0,1,0
456,112824,44816,6,1,0,1,0
457,112824,44816,6,1,0,1,0
458,112824,44816,6,1,0,1,0
459,112824,44816,6,1,0,1,0
460,112824,44816,6,1,0,1,0
461,112824,44816,6,1,0,1,0
462,112824,44816,6,1,0,1,0
464,112824,44816,6,1,0,1,0
465,112824,44816,6,1,0,1,0
466,112824,44816,6,1,0,1,0
467,112824,44816,6,1,0,1,0
468,112824,44816,6,1,0,1,0
469,112824,44816,6,1,0,1,0
470,112824,44816,6,1,0,1,0
471,112824,44820,9,2,0,1,0
473,112824,44816,6,1,0,1,0
474,112824,44816,6,1,0,1,0
475,112824,44816,6,1,0,1,0
476,112824,44816,6,1,0,1,0
477,112824,44816,6,1,0,1,0
478,112824,44816,6,1,0,1,0
479,112824,44816,6,1,0,1,0
480,112824,44816,6,1,0,1,0
481,112824,44816,6,1,0,1,0
483,112824,44816,6,1,0,1,0
484,112824,44816,6,1,0,1,0
485,112824,44816,6,1,0,1,0
486,112824,44816,6,1,0,1,0
487,112824,44816,6,1,0,1,0
488,112824,44820,9,2,0,1,0
489,112824,44816,6,1,0,1,0
490,112824,44816,6,1,0,1,0
492,112824,44816,6,1,0,1,0
493,112824,44816,6,1,0,1,0
494,112824,44816,6,1,0,1,0
495,112824,44816,6,1,0,1,0
496,112824,44816,6,1,0,1,0
497,112824,44816,6,1,0,1,0
498,112824,44816,6,1,0,1,0
499,112824,44816,6,1,0,1,0
501,112824,44816,6,1,0,1,0
502,112824,44816,6,1,0,1,0
503,112824,44816,6,1,0,1,0
504,112824,44820,9,2,0,1,0
505,112824,44816,6,1,0,1,0
506,112824,44816,6,1,0,1,0
507,112824,44816,6,1,0,1,0
508,112824,44816,6,1,0,1,0
509,112824,44816,6,1,0,1,0
511,112824,44816,6,1,0,1,0
512,112824,44816,6,1,0,1,0
513,112824,44816,6,1,0,1,0
514,112824,44816,6,1,0,1,0
515,112824,44816,6,1,0,1,0
516,112824,44816,6,1,0,1,0
517,112824,44816,6,1,0,1,0
518,112824,44816,6,1,0,1,0
519,112824,44816,6,1,0,1,0
521,112824,44820,9,2,0,1,0
522,112824,44816,6,1,0,1,0
523,112824,44816,6,1,0,1,0
524,112824,44816,6,1,0,1,0
525,112824,44816,6,1,0,1,0
526,112824,44816,6,1,0,1,0
527,112824,44816,6,1,0,1,0
528,112824,44816,6,1,0,1,0
529,112824,44816,6,1,0,1,0
530,112824,44816,6,1,0,1,0
531,112824,44816,6,1,0,1,0
533,112824,44816,6,1,0,1,0
534,112824,44816,6,1,0,1,0
535,112824,44816,6,1,0,1,0
536,112824,44816,6,1,0,1,0
537,112824,44820,9,2,0,1,0
538,112824,44816,6,1,0,1,0
539,112824,44816,6,1,0,1,0
540,112824,44816,6,1,0,1,0
541,112824,44816,6,1,0,1,0
542,112824,44816,6,1,0,1,0
544,112824,44816,6,1,0,1,0
545,112824,44816,6,1,0,1,0
546,112824,44816,6,1,0,1,0
547,112824,44816,6,1,0,1,0
548,112824,44816,6,1,0,1,0
549,112824,44816,6,1,0,1,0
550,112824,44816,6,1,0,1,0
551,112824,44816,6,1,0,1,0
553,112824,44816,6,1,0,1,0
554,112824,44820,9,2,0,1,0
555,112824,44816,6,1,0,1,0
556,112824,44816,6,1,0,1,0
557,112824,44816,6,1,0,1,0
558,112824,44816,6,1,0,1,0
559,112824,44816,6,1,0,1,0
560,112824,44816,6,1,0,1,0
561,112824,44816,6,1,0,1,0
562,112824,44816,6,1,0,1,0
564,112824,44816,6,1,0,1,0
565,112824,44816,6,1,0,1,0
566,112824,44816,6,1,0,1,0
567,112824,44816,6,1,0,1,0
568,112824,44816,6,1,0,1,0
569,112824,44816,6,1,0,1,0
570,112824,44820,9,2,0,1,0
571,112824,44816,6,1,0,1,0
572,112824,44816,6,1,0,1,0
573,112824,44816,6,1,0,1,0
574,112824,44816,6,1,0,1,0
576,112824,44816,6,1,0,1,0
577,112824,44816,6,1,0,1,0
578,112824,44816,6,1,0,1,0
579,112824,44816,6,1,0,1,0
580,112824,44816,6,1,0,1,0
581,112824,44816,6,1,0,1,0
582,112824,44816,6,1,0,1,0
583,112824,44816,6,1,0,1,0
584,112824,44816,6,1,0,1,0
585,112824,44816,6,1,0,1,0
587,112824,44820,9,2,0,1,0
588,112824,44816,6,1,0,1,0
589,112824,44816,6,1,0,1,0
590,112824,44816,6,1,0,1,0
591,112824,44816,6,1,0,1,0
592,112824,44816,6,1,0,1,0
593,112824,44816,6,1,0,1,0
594,112824,44816,6,1,0,1,0
596,112824,44816,6,1,0,1,0
597,112824,44816,6,1,0,1,0
598,112824,44816,6,1,0,1,0
599,112824,44816,6,1,0,1,0
600,112824,44816,6,1,0,1,0
