seq	rel_sec	wall_time	ipc_result	ipc_error	ipc_elapsed_ms	current_alias	path_alias	current_path_kind	filename_alias	time_pos	duration	percent_pos	idle_active	pause	eof_reached	estimated_frame_number	hwdec_current	vo_configured	video_params_json	property_errors_json	status_present	status_playback_state	status_current_alias	status_path_alias	status_duration_ms	status_current_index	status_mpv_running	status_snapshot_json
1	0.001	2026-07-18T20:45:17+0000	success		4	<media-path:97100fcdae>	<media-path:97100fcdae>	motion_media	<filename:a4bfef2b1b>	3.533333	5.06195	69.801821	false	false	false	105	v4l2request-copy	true	"{""aspect"":0.697674,""dh"":688,""dw"":480,""h"":688,""par"":1.0,""pixelformat"":""nv12"",""rotate"":0,""stereo-in"":""mono"",""w"":480}"	"{""duration"":""success"",""eof-reached"":""success"",""estimated-frame-number"":""success"",""filename"":""success"",""hwdec-current"":""success"",""idle-active"":""success"",""path"":""success"",""pause"":""success"",""percent-pos"":""success"",""time-pos"":""success"",""video-params"":""success"",""vo-configured"":""success""}"	true	playing	media-fba32b0055	<media-path:97100fcdae>	5100	5	true	"{""black_screen_risk_reason"":""null"",""blocked_media_count"":0,""consecutive_failures"":0,""current_index"":5,""current_item"":{""alias"":""media-fba32b0055"",""duration_ms"":5100,""media_kind"":""motion_media"",""offset_ms"":0,""path_alias"":""<media-path:97100fcdae>"",""started_at_present"":true},""last_poll_error"":""null"",""last_render_error"":""null"",""mpv_running"":true,""next_item"":{""alias"":""media-749f1db21b"",""duration_ms"":3900,""media_kind"":""motion_media"",""path_alias"":""<media-path:31af3d58a2>""},""playback_state"":""playing"",""playlist_size"":9,""present"":true,""uptime_sec"":390}"
2	1.007	2026-07-18T20:45:18+0000	success		3	<media-path:97100fcdae>	<media-path:97100fcdae>	motion_media	<filename:a4bfef2b1b>	4.533333	5.06195	89.557053	false	false	false	135	v4l2request-copy	true	"{""aspect"":0.697674,""dh"":688,""dw"":480,""h"":688,""par"":1.0,""pixelformat"":""nv12"",""rotate"":0,""stereo-in"":""mono"",""w"":480}"	"{""duration"":""success"",""eof-reached"":""success"",""estimated-frame-number"":""success"",""filename"":""success"",""hwdec-current"":""success"",""idle-active"":""success"",""path"":""success"",""pause"":""success"",""percent-pos"":""success"",""time-pos"":""success"",""video-params"":""success"",""vo-configured"":""success""}"	true	playing	media-fba32b0055	<media-path:97100fcdae>	5100	5	true	"{""black_screen_risk_reason"":""null"",""blocked_media_count"":0,""consecutive_failures"":0,""current_index"":5,""current_item"":{""alias"":""media-fba32b0055"",""duration_ms"":5100,""media_kind"":""motion_media"",""offset_ms"":0,""path_alias"":""<media-path:97100fcdae>"",""started_at_present"":true},""last_poll_error"":""null"",""last_render_error"":""null"",""mpv_running"":true,""next_item"":{""alias"":""media-749f1db21b"",""duration_ms"":3900,""media_kind"":""motion_media"",""path_alias"":""<media-path:31af3d58a2>""},""playback_state"":""playing"",""playlist_size"":9,""present"":true,""uptime_sec"":390}"
3	2.012	2026-07-18T20:45:19+0000	success		2	<media-path:31af3d58a2>	<media-path:31af3d58a2>	motion_media	<filename:92829f14a9>	0.2	3.9	5.128205	false	false	false	6	v4l2request-copy	true	"{""aspect"":0.566038,""dh"":848,""dw"":480,""h"":848,""par"":1.0,""pixelformat"":""nv12"",""rotate"":0,""stereo-in"":""mono"",""w"":480}"	"{""duration"":""success"",""eof-reached"":""success"",""estimated-frame-number"":""success"",""filename"":""success"",""hwdec-current"":""success"",""idle-active"":""success"",""path"":""success"",""pause"":""success"",""percent-pos"":""success"",""time-pos"":""success"",""video-params"":""success"",""vo-configured"":""success""}"	true	playing	media-fba32b0055	<media-path:97100fcdae>	5100	5	true	"{""black_screen_risk_reason"":""null"",""blocked_media_count"":0,""consecutive_failures"":0,""current_index"":5,""current_item"":{""alias"":""media-fba32b0055"",""duration_ms"":5100,""media_kind"":""motion_media"",""offset_ms"":0,""path_alias"":""<media-path:97100fcdae>"",""started_at_present"":true},""last_poll_error"":""null"",""last_render_error"":""null"",""mpv_running"":true,""next_item"":{""alias"":""media-749f1db21b"",""duration_ms"":3900,""media_kind"":""motion_media"",""path_alias"":""<media-path:31af3d58a2>""},""playback_state"":""playing"",""playlist_size"":9,""present"":true,""uptime_sec"":390}"
4	3.017	2026-07-18T20:45:20+0000	success		2	<media-path:31af3d58a2>	<media-path:31af3d58a2>	motion_media	<filename:92829f14a9>	1.2	3.9	30.769231	false	false	false	36	v4l2request-copy	true	"{""aspect"":0.566038,""dh"":848,""dw"":480,""h"":848,""par"":1.0,""pixelformat"":""nv12"",""rotate"":0,""stereo-in"":""mono"",""w"":480}"	"{""duration"":""success"",""eof-reached"":""success"",""estimated-frame-number"":""success"",""filename"":""success"",""hwdec-current"":""success"",""idle-active"":""success"",""path"":""success"",""pause"":""success"",""percent-pos"":""success"",""time-pos"":""success"",""video-params"":""success"",""vo-configured"":""success""}"	true	playing	media-749f1db21b	<media-path:31af3d58a2>	3900	6	true	"{""black_screen_risk_reason"":""null"",""blocked_media_count"":0,""consecutive_failures"":0,""current_index"":6,""current_item"":{""alias"":""media-749f1db21b"",""duration_ms"":3900,""media_kind"":""motion_media"",""offset_ms"":0,""path_alias"":""<media-path:31af3d58a2>"",""started_at_present"":true},""last_poll_error"":""null"",""last_render_error"":""null"",""mpv_running"":true,""next_item"":{""alias"":""media-b8c9a5f04c"",""duration_ms"":28100,""media_kind"":""motion_media"",""path_alias"":""<media-path:3ba49b8978>""},""playback_state"":""playing"",""playlist_size"":9,""present"":true,""uptime_sec"":395}"
5	4.021	2026-07-18T20:45:21+0000	success		10	<media-path:31af3d58a2>	<media-path:31af3d58a2>	motion_media	<filename:92829f14a9>	2.2	3.9	56.410256	false	false	false	65	v4l2request-copy	true	"{""aspect"":0.566038,""dh"":848,""dw"":480,""h"":848,""par"":1.0,""pixelformat"":""nv12"",""rotate"":0,""stereo-in"":""mono"",""w"":480}"	"{""duration"":""success"",""eof-reached"":""success"",""estimated-frame-number"":""success"",""filename"":""success"",""hwdec-current"":""success"",""idle-active"":""success"",""path"":""success"",""pause"":""success"",""percent-pos"":""success"",""time-pos"":""success"",""video-params"":""success"",""vo-configured"":""success""}"	true	playing	media-749f1db21b	<media-path:31af3d58a2>	3900	6	true	"{""black_screen_risk_reason"":""null"",""blocked_media_count"":0,""consecutive_failures"":0,""current_index"":6,""current_item"":{""alias"":""media-749f1db21b"",""duration_ms"":3900,""media_kind"":""motion_media"",""offset_ms"":0,""path_alias"":""<media-path:31af3d58a2>"",""started_at_present"":true},""last_poll_error"":""null"",""last_render_error"":""null"",""mpv_running"":true,""next_item"":{""alias"":""media-b8c9a5f04c"",""duration_ms"":28100,""media_kind"":""motion_media"",""path_alias"":""<media-path:3ba49b8978>""},""playback_state"":""playing"",""playlist_size"":9,""present"":true,""uptime_sec"":395}"
6	5.034	2026-07-18T20:45:22+0000	success		2	<media-path:31af3d58a2>	<media-path:31af3d58a2>	motion_media	<filename:92829f14a9>	3.2	3.9	82.051282	false	false	false	95	v4l2request-copy	true	"{""aspect"":0.566038,""dh"":848,""dw"":480,""h"":848,""par"":1.0,""pixelformat"":""nv12"",""rotate"":0,""stereo-in"":""mono"",""w"":480}"	"{""duration"":""success"",""eof-reached"":""success"",""estimated-frame-number"":""success"",""filename"":""success"",""hwdec-current"":""success"",""idle-active"":""success"",""path"":""success"",""pause"":""success"",""percent-pos"":""success"",""time-pos"":""success"",""video-params"":""success"",""vo-configured"":""success""}"	true	playing	media-749f1db21b	<media-path:31af3d58a2>	3900	6	true	"{""black_screen_risk_reason"":""null"",""blocked_media_count"":0,""consecutive_failures"":0,""current_index"":6,""current_item"":{""alias"":""media-749f1db21b"",""duration_ms"":3900,""media_kind"":""motion_media"",""offset_ms"":0,""path_alias"":""<media-path:31af3d58a2>"",""started_at_present"":true},""last_poll_error"":""null"",""last_render_error"":""null"",""mpv_running"":true,""next_item"":{""alias"":""media-b8c9a5f04c"",""duration_ms"":28100,""media_kind"":""motion_media"",""path_alias"":""<media-path:3ba49b8978>""},""playback_state"":""playing"",""playlist_size"":9,""present"":true,""uptime_sec"":395}"
7	6.039	2026-07-18T20:45:24+0000	success		561	<media-path:3ba49b8978>	<media-path:3ba49b8978>	motion_media	<filename:e511e8bce0>	0.033367	28.061367	0.356718	false	false	false	4	v4l2request-copy	true	"{""aspect"":0.5625,""dh"":1920,""dw"":1080,""h"":1920,""par"":1.0,""pixelformat"":""nv12"",""rotate"":0,""stereo-in"":""mono"",""w"":1080}"	"{""duration"":""success"",""eof-reached"":""success"",""estimated-frame-number"":""success"",""filename"":""success"",""hwdec-current"":""success"",""idle-active"":""success"",""path"":""success"",""pause"":""success"",""percent-pos"":""success"",""time-pos"":""success"",""video-params"":""success"",""vo-configured"":""success""}"	true	playing	media-749f1db21b	<media-path:31af3d58a2>	3900	6	true	"{""black_screen_risk_reason"":""null"",""blocked_media_count"":0,""consecutive_failures"":0,""current_index"":6,""current_item"":{""alias"":""media-749f1db21b"",""duration_ms"":3900,""media_kind"":""motion_media"",""offset_ms"":0,""path_alias"":""<media-path:31af3d58a2>"",""started_at_present"":true},""last_poll_error"":""null"",""last_render_error"":""null"",""mpv_running"":true,""next_item"":{""alias"":""media-b8c9a5f04c"",""duration_ms"":28100,""media_kind"":""motion_media"",""path_alias"":""<media-path:3ba49b8978>""},""playback_state"":""playing"",""playlist_size"":9,""present"":true,""uptime_sec"":395}"
8	7.604	2026-07-18T20:45:25+0000	success		309	<media-path:3ba49b8978>	<media-path:3ba49b8978>	motion_media	<filename:e511e8bce0>	1.134467	28.061367	4.280618	false	false	false	38	v4l2request-copy	true	"{""aspect"":0.5625,""dh"":1920,""dw"":1080,""h"":1920,""par"":1.0,""pixelformat"":""nv12"",""rotate"":0,""stereo-in"":""mono"",""w"":1080}"	"{""duration"":""success"",""eof-reached"":""success"",""estimated-frame-number"":""success"",""filename"":""success"",""hwdec-current"":""success"",""idle-active"":""success"",""path"":""success"",""pause"":""success"",""percent-pos"":""success"",""time-pos"":""success"",""video-params"":""success"",""vo-configured"":""success""}"	true	playing	media-b8c9a5f04c	<media-path:3ba49b8978>	28100	7	true	"{""black_screen_risk_reason"":""null"",""blocked_media_count"":0,""consecutive_failures"":0,""current_index"":7,""current_item"":{""alias"":""media-b8c9a5f04c"",""duration_ms"":28100,""media_kind"":""motion_media"",""offset_ms"":0,""path_alias"":""<media-path:3ba49b8978>"",""started_at_present"":true},""last_poll_error"":""null"",""last_render_error"":""null"",""mpv_running"":true,""next_item"":{""alias"":""media-7eefea6ba2"",""duration_ms"":5000,""media_kind"":""motion_media"",""path_alias"":""<media-path:9e48f6362b>""},""playback_state"":""playing"",""playlist_size"":9,""present"":true,""uptime_sec"":400}"
9	8.917	2026-07-18T20:45:27+0000	success		474	<media-path:3ba49b8978>	<media-path:3ba49b8978>	motion_media	<filename:e511e8bce0>	2.168833	28.061367	7.966706	false	false	false	69	v4l2request-copy	true	"{""aspect"":0.5625,""dh"":1920,""dw"":1080,""h"":1920,""par"":1.0,""pixelformat"":""nv12"",""rotate"":0,""stereo-in"":""mono"",""w"":1080}"	"{""duration"":""success"",""eof-reached"":""success"",""estimated-frame-number"":""success"",""filename"":""success"",""hwdec-current"":""success"",""idle-active"":""success"",""path"":""success"",""pause"":""success"",""percent-pos"":""success"",""time-pos"":""success"",""video-params"":""success"",""vo-configured"":""success""}"	true	playing	media-b8c9a5f04c	<media-path:3ba49b8978>	28100	7	true	"{""black_screen_risk_reason"":""null"",""blocked_media_count"":0,""consecutive_failures"":0,""current_index"":7,""current_item"":{""alias"":""media-b8c9a5f04c"",""duration_ms"":28100,""media_kind"":""motion_media"",""offset_ms"":0,""path_alias"":""<media-path:3ba49b8978>"",""started_at_present"":true},""last_poll_error"":""null"",""last_render_error"":""null"",""mpv_running"":true,""next_item"":{""alias"":""media-7eefea6ba2"",""duration_ms"":5000,""media_kind"":""motion_media"",""path_alias"":""<media-path:9e48f6362b>""},""playback_state"":""playing"",""playlist_size"":9,""present"":true,""uptime_sec"":400}"
10	10.395	2026-07-18T20:45:28+0000	success		398	<media-path:3ba49b8978>	<media-path:3ba49b8978>	motion_media	<filename:e511e8bce0>	3.336667	28.061367	12.128419	false	false	false	104	v4l2request-copy	true	"{""aspect"":0.5625,""dh"":1920,""dw"":1080,""h"":1920,""par"":1.0,""pixelformat"":""nv12"",""rotate"":0,""stereo-in"":""mono"",""w"":1080}"	"{""duration"":""success"",""eof-reached"":""success"",""estimated-frame-number"":""success"",""filename"":""success"",""hwdec-current"":""success"",""idle-active"":""success"",""path"":""success"",""pause"":""success"",""percent-pos"":""success"",""time-pos"":""success"",""video-params"":""success"",""vo-configured"":""success""}"	true	playing	media-b8c9a5f04c	<media-path:3ba49b8978>	28100	7	true	"{""black_screen_risk_reason"":""null"",""blocked_media_count"":0,""consecutive_failures"":0,""current_index"":7,""current_item"":{""alias"":""media-b8c9a5f04c"",""duration_ms"":28100,""media_kind"":""motion_media"",""offset_ms"":0,""path_alias"":""<media-path:3ba49b8978>"",""started_at_present"":true},""last_poll_error"":""null"",""last_render_error"":""null"",""mpv_running"":true,""next_item"":{""alias"":""media-7eefea6ba2"",""duration_ms"":5000,""media_kind"":""motion_media"",""path_alias"":""<media-path:9e48f6362b>""},""playback_state"":""playing"",""playlist_size"":9,""present"":true,""uptime_sec"":400}"
11	11.797	2026-07-18T20:45:30+0000	success		504	<media-path:3ba49b8978>	<media-path:3ba49b8978>	motion_media	<filename:e511e8bce0>	4.437767	28.061367	16.052319	false	false	false	137	v4l2request-copy	true	"{""aspect"":0.5625,""dh"":1920,""dw"":1080,""h"":1920,""par"":1.0,""pixelformat"":""nv12"",""rotate"":0,""stereo-in"":""mono"",""w"":1080}"	"{""duration"":""success"",""eof-reached"":""success"",""estimated-frame-number"":""success"",""filename"":""success"",""hwdec-current"":""success"",""idle-active"":""success"",""path"":""success"",""pause"":""success"",""percent-pos"":""success"",""time-pos"":""success"",""video-params"":""success"",""vo-configured"":""success""}"	true	playing	media-b8c9a5f04c	<media-path:3ba49b8978>	28100	7	true	"{""black_screen_risk_reason"":""null"",""blocked_media_count"":0,""consecutive_failures"":0,""current_index"":7,""current_item"":{""alias"":""media-b8c9a5f04c"",""duration_ms"":28100,""media_kind"":""motion_media"",""offset_ms"":0,""path_alias"":""<media-path:3ba49b8978>"",""started_at_present"":true},""last_poll_error"":""null"",""last_render_error"":""null"",""mpv_running"":true,""next_item"":{""alias"":""media-7eefea6ba2"",""duration_ms"":5000,""media_kind"":""motion_media"",""path_alias"":""<media-path:9e48f6362b>""},""playback_state"":""playing"",""playlist_size"":9,""present"":true,""uptime_sec"":405}"
12	13.305	2026-07-18T20:45:31+0000	success		240	<media-path:3ba49b8978>	<media-path:3ba49b8978>	motion_media	<filename:e511e8bce0>	5.6056	28.061367	20.214031	false	false	false	171	v4l2request-copy	true	"{""aspect"":0.5625,""dh"":1920,""dw"":1080,""h"":1920,""par"":1.0,""pixelformat"":""nv12"",""rotate"":0,""stereo-in"":""mono"",""w"":1080}"	"{""duration"":""success"",""eof-reached"":""success"",""estimated-frame-number"":""success"",""filename"":""success"",""hwdec-current"":""success"",""idle-active"":""success"",""path"":""success"",""pause"":""success"",""percent-pos"":""success"",""time-pos"":""success"",""video-params"":""success"",""vo-configured"":""success""}"	true	playing	media-b8c9a5f04c	<media-path:3ba49b8978>	28100	7	true	"{""black_screen_risk_reason"":""null"",""blocked_media_count"":0,""consecutive_failures"":0,""current_index"":7,""current_item"":{""alias"":""media-b8c9a5f04c"",""duration_ms"":28100,""media_kind"":""motion_media"",""offset_ms"":0,""path_alias"":""<media-path:3ba49b8978>"",""started_at_present"":true},""last_poll_error"":""null"",""last_render_error"":""null"",""mpv_running"":true,""next_item"":{""alias"":""media-7eefea6ba2"",""duration_ms"":5000,""media_kind"":""motion_media"",""path_alias"":""<media-path:9e48f6362b>""},""playback_state"":""playing"",""playlist_size"":9,""present"":true,""uptime_sec"":405}"
13	14.549	2026-07-18T20:45:32+0000	success		479	<media-path:3ba49b8978>	<media-path:3ba49b8978>	motion_media	<filename:e511e8bce0>	6.573233	28.061367	23.662307	false	false	false	201	v4l2request-copy	true	"{""aspect"":0.5625,""dh"":1920,""dw"":1080,""h"":1920,""par"":1.0,""pixelformat"":""nv12"",""rotate"":0,""stereo-in"":""mono"",""w"":1080}"	"{""duration"":""success"",""eof-reached"":""success"",""estimated-frame-number"":""success"",""filename"":""success"",""hwdec-current"":""success"",""idle-active"":""success"",""path"":""success"",""pause"":""success"",""percent-pos"":""success"",""time-pos"":""success"",""video-params"":""success"",""vo-configured"":""success""}"	true	playing	media-b8c9a5f04c	<media-path:3ba49b8978>	28100	7	true	"{""black_screen_risk_reason"":""null"",""blocked_media_count"":0,""consecutive_failures"":0,""current_index"":7,""current_item"":{""alias"":""media-b8c9a5f04c"",""duration_ms"":28100,""media_kind"":""motion_media"",""offset_ms"":0,""path_alias"":""<media-path:3ba49b8978>"",""started_at_present"":true},""last_poll_error"":""null"",""last_render_error"":""null"",""mpv_running"":true,""next_item"":{""alias"":""media-7eefea6ba2"",""duration_ms"":5000,""media_kind"":""motion_media"",""path_alias"":""<media-path:9e48f6362b>""},""playback_state"":""playing"",""playlist_size"":9,""present"":true,""uptime_sec"":405}"
14	16.030	2026-07-18T20:45:34+0000	success		396	<media-path:3ba49b8978>	<media-path:3ba49b8978>	motion_media	<filename:e511e8bce0>	7.741067	28.061367	27.824019	false	false	false	236	v4l2request-copy	true	"{""aspect"":0.5625,""dh"":1920,""dw"":1080,""h"":1920,""par"":1.0,""pixelformat"":""nv12"",""rotate"":0,""stereo-in"":""mono"",""w"":1080}"	"{""duration"":""success"",""eof-reached"":""success"",""estimated-frame-number"":""success"",""filename"":""success"",""hwdec-current"":""success"",""idle-active"":""success"",""path"":""success"",""pause"":""success"",""percent-pos"":""success"",""time-pos"":""success"",""video-params"":""success"",""vo-configured"":""success""}"	true	playing	media-b8c9a5f04c	<media-path:3ba49b8978>	28100	7	true	"{""black_screen_risk_reason"":""null"",""blocked_media_count"":0,""consecutive_failures"":0,""current_index"":7,""current_item"":{""alias"":""media-b8c9a5f04c"",""duration_ms"":28100,""media_kind"":""motion_media"",""offset_ms"":0,""path_alias"":""<media-path:3ba49b8978>"",""started_at_present"":true},""last_poll_error"":""null"",""last_render_error"":""null"",""mpv_running"":true,""next_item"":{""alias"":""media-7eefea6ba2"",""duration_ms"":5000,""media_kind"":""motion_media"",""path_alias"":""<media-path:9e48f6362b>""},""playback_state"":""playing"",""playlist_size"":9,""present"":true,""uptime_sec"":405}"
15	17.430	2026-07-18T20:45:35+0000	success		502	<media-path:3ba49b8978>	<media-path:3ba49b8978>	motion_media	<filename:e511e8bce0>	8.842167	28.061367	31.747919	false	false	false	269	v4l2request-copy	true	"{""aspect"":0.5625,""dh"":1920,""dw"":1080,""h"":1920,""par"":1.0,""pixelformat"":""nv12"",""rotate"":0,""stereo-in"":""mono"",""w"":1080}"	"{""duration"":""success"",""eof-reached"":""success"",""estimated-frame-number"":""success"",""filename"":""success"",""hwdec-current"":""success"",""idle-active"":""success"",""path"":""success"",""pause"":""success"",""percent-pos"":""success"",""time-pos"":""success"",""video-params"":""success"",""vo-configured"":""success""}"	true	playing	media-b8c9a5f04c	<media-path:3ba49b8978>	28100	7	true	"{""black_screen_risk_reason"":""null"",""blocked_media_count"":0,""consecutive_failures"":0,""current_index"":7,""current_item"":{""alias"":""media-b8c9a5f04c"",""duration_ms"":28100,""media_kind"":""motion_media"",""offset_ms"":0,""path_alias"":""<media-path:3ba49b8978>"",""started_at_present"":true},""last_poll_error"":""null"",""last_render_error"":""null"",""mpv_running"":true,""next_item"":{""alias"":""media-7eefea6ba2"",""duration_ms"":5000,""media_kind"":""motion_media"",""path_alias"":""<media-path:9e48f6362b>""},""playback_state"":""playing"",""playlist_size"":9,""present"":true,""uptime_sec"":410}"
16	18.936	2026-07-18T20:45:36+0000	success		271	<media-path:3ba49b8978>	<media-path:3ba49b8978>	motion_media	<filename:e511e8bce0>	10.01	28.061367	35.909631	false	false	false	304	v4l2request-copy	true	"{""aspect"":0.5625,""dh"":1920,""dw"":1080,""h"":1920,""par"":1.0,""pixelformat"":""nv12"",""rotate"":0,""stereo-in"":""mono"",""w"":1080}"	"{""duration"":""success"",""eof-reached"":""success"",""estimated-frame-number"":""success"",""filename"":""success"",""hwdec-current"":""success"",""idle-active"":""success"",""path"":""success"",""pause"":""success"",""percent-pos"":""success"",""time-pos"":""success"",""video-params"":""success"",""vo-configured"":""success""}"	true	playing	media-b8c9a5f04c	<media-path:3ba49b8978>	28100	7	true	"{""black_screen_risk_reason"":""null"",""blocked_media_count"":0,""consecutive_failures"":0,""current_index"":7,""current_item"":{""alias"":""media-b8c9a5f04c"",""duration_ms"":28100,""media_kind"":""motion_media"",""offset_ms"":0,""path_alias"":""<media-path:3ba49b8978>"",""started_at_present"":true},""last_poll_error"":""null"",""last_render_error"":""null"",""mpv_running"":true,""next_item"":{""alias"":""media-7eefea6ba2"",""duration_ms"":5000,""media_kind"":""motion_media"",""path_alias"":""<media-path:9e48f6362b>""},""playback_state"":""playing"",""playlist_size"":9,""present"":true,""uptime_sec"":410}"
17	20.211	2026-07-18T20:45:38+0000	success		468	<media-path:3ba49b8978>	<media-path:3ba49b8978>	motion_media	<filename:e511e8bce0>	11.011	28.061367	39.476813	false	false	false	334	v4l2request-copy	true	"{""aspect"":0.5625,""dh"":1920,""dw"":1080,""h"":1920,""par"":1.0,""pixelformat"":""nv12"",""rotate"":0,""stereo-in"":""mono"",""w"":1080}"	"{""duration"":""success"",""eof-reached"":""success"",""estimated-frame-number"":""success"",""filename"":""success"",""hwdec-current"":""success"",""idle-active"":""success"",""path"":""success"",""pause"":""success"",""percent-pos"":""success"",""time-pos"":""success"",""video-params"":""success"",""vo-configured"":""success""}"	true	playing	media-b8c9a5f04c	<media-path:3ba49b8978>	28100	7	true	"{""black_screen_risk_reason"":""null"",""blocked_media_count"":0,""consecutive_failures"":0,""current_index"":7,""current_item"":{""alias"":""media-b8c9a5f04c"",""duration_ms"":28100,""media_kind"":""motion_media"",""offset_ms"":0,""path_alias"":""<media-path:3ba49b8978>"",""started_at_present"":true},""last_poll_error"":""null"",""last_render_error"":""null"",""mpv_running"":true,""next_item"":{""alias"":""media-7eefea6ba2"",""duration_ms"":5000,""media_kind"":""motion_media"",""path_alias"":""<media-path:9e48f6362b>""},""playback_state"":""playing"",""playlist_size"":9,""present"":true,""uptime_sec"":410}"
18	21.683	2026-07-18T20:45:39+0000	success		365	<media-path:3ba49b8978>	<media-path:3ba49b8978>	motion_media	<filename:e511e8bce0>	12.178833	28.061367	43.638526	false	false	false	369	v4l2request-copy	true	"{""aspect"":0.5625,""dh"":1920,""dw"":1080,""h"":1920,""par"":1.0,""pixelformat"":""nv12"",""rotate"":0,""stereo-in"":""mono"",""w"":1080}"	"{""duration"":""success"",""eof-reached"":""success"",""estimated-frame-number"":""success"",""filename"":""success"",""hwdec-current"":""success"",""idle-active"":""success"",""path"":""success"",""pause"":""success"",""percent-pos"":""success"",""time-pos"":""success"",""video-params"":""success"",""vo-configured"":""success""}"	true	playing	media-b8c9a5f04c	<media-path:3ba49b8978>	28100	7	true	"{""black_screen_risk_reason"":""null"",""blocked_media_count"":0,""consecutive_failures"":0,""current_index"":7,""current_item"":{""alias"":""media-b8c9a5f04c"",""duration_ms"":28100,""media_kind"":""motion_media"",""offset_ms"":0,""path_alias"":""<media-path:3ba49b8978>"",""started_at_present"":true},""last_poll_error"":""null"",""last_render_error"":""null"",""mpv_running"":true,""next_item"":{""alias"":""media-7eefea6ba2"",""duration_ms"":5000,""media_kind"":""motion_media"",""path_alias"":""<media-path:9e48f6362b>""},""playback_state"":""playing"",""playlist_size"":9,""present"":true,""uptime_sec"":410}"
19	23.052	2026-07-18T20:45:41+0000	success		466	<media-path:3ba49b8978>	<media-path:3ba49b8978>	motion_media	<filename:e511e8bce0>	13.2132	28.061367	47.324614	false	false	false	400	v4l2request-copy	true	"{""aspect"":0.5625,""dh"":1920,""dw"":1080,""h"":1920,""par"":1.0,""pixelformat"":""nv12"",""rotate"":0,""stereo-in"":""mono"",""w"":1080}"	"{""duration"":""success"",""eof-reached"":""success"",""estimated-frame-number"":""success"",""filename"":""success"",""hwdec-current"":""success"",""idle-active"":""success"",""path"":""success"",""pause"":""success"",""percent-pos"":""success"",""time-pos"":""success"",""video-params"":""success"",""vo-configured"":""success""}"	true	playing	media-b8c9a5f04c	<media-path:3ba49b8978>	28100	7	true	"{""black_screen_risk_reason"":""null"",""blocked_media_count"":0,""consecutive_failures"":0,""current_index"":7,""current_item"":{""alias"":""media-b8c9a5f04c"",""duration_ms"":28100,""media_kind"":""motion_media"",""offset_ms"":0,""path_alias"":""<media-path:3ba49b8978>"",""started_at_present"":true},""last_poll_error"":""null"",""last_render_error"":""null"",""mpv_running"":true,""next_item"":{""alias"":""media-7eefea6ba2"",""duration_ms"":5000,""media_kind"":""motion_media"",""path_alias"":""<media-path:9e48f6362b>""},""playback_state"":""playing"",""playlist_size"":9,""present"":true,""uptime_sec"":415}"
20	24.522	2026-07-18T20:45:42+0000	success		350	<media-path:3ba49b8978>	<media-path:3ba49b8978>	motion_media	<filename:e511e8bce0>	14.381033	28.061367	51.486326	false	false	false	435	v4l2request-copy	true	"{""aspect"":0.5625,""dh"":1920,""dw"":1080,""h"":1920,""par"":1.0,""pixelformat"":""nv12"",""rotate"":0,""stereo-in"":""mono"",""w"":1080}"	"{""duration"":""success"",""eof-reached"":""success"",""estimated-frame-number"":""success"",""filename"":""success"",""hwdec-current"":""success"",""idle-active"":""success"",""path"":""success"",""pause"":""success"",""percent-pos"":""success"",""time-pos"":""success"",""video-params"":""success"",""vo-configured"":""success""}"	true	playing	media-b8c9a5f04c	<media-path:3ba49b8978>	28100	7	true	"{""black_screen_risk_reason"":""null"",""blocked_media_count"":0,""consecutive_failures"":0,""current_index"":7,""current_item"":{""alias"":""media-b8c9a5f04c"",""duration_ms"":28100,""media_kind"":""motion_media"",""offset_ms"":0,""path_alias"":""<media-path:3ba49b8978>"",""started_at_present"":true},""last_poll_error"":""null"",""last_render_error"":""null"",""mpv_running"":true,""next_item"":{""alias"":""media-7eefea6ba2"",""duration_ms"":5000,""media_kind"":""motion_media"",""path_alias"":""<media-path:9e48f6362b>""},""playback_state"":""playing"",""playlist_size"":9,""present"":true,""uptime_sec"":415}"
21	25.876	2026-07-18T20:45:44+0000	success		466	<media-path:3ba49b8978>	<media-path:3ba49b8978>	motion_media	<filename:e511e8bce0>	15.448767	28.061367	55.29132	false	false	false	467	v4l2request-copy	true	"{""aspect"":0.5625,""dh"":1920,""dw"":1080,""h"":1920,""par"":1.0,""pixelformat"":""nv12"",""rotate"":0,""stereo-in"":""mono"",""w"":1080}"	"{""duration"":""success"",""eof-reached"":""success"",""estimated-frame-number"":""success"",""filename"":""success"",""hwdec-current"":""success"",""idle-active"":""success"",""path"":""success"",""pause"":""success"",""percent-pos"":""success"",""time-pos"":""success"",""video-params"":""success"",""vo-configured"":""success""}"	true	playing	media-b8c9a5f04c	<media-path:3ba49b8978>	28100	7	true	"{""black_screen_risk_reason"":""null"",""blocked_media_count"":0,""consecutive_failures"":0,""current_index"":7,""current_item"":{""alias"":""media-b8c9a5f04c"",""duration_ms"":28100,""media_kind"":""motion_media"",""offset_ms"":0,""path_alias"":""<media-path:3ba49b8978>"",""started_at_present"":true},""last_poll_error"":""null"",""last_render_error"":""null"",""mpv_running"":true,""next_item"":{""alias"":""media-7eefea6ba2"",""duration_ms"":5000,""media_kind"":""motion_media"",""path_alias"":""<media-path:9e48f6362b>""},""playback_state"":""playing"",""playlist_size"":9,""present"":true,""uptime_sec"":415}"
22	27.346	2026-07-18T20:45:45+0000	success		458	<media-path:3ba49b8978>	<media-path:3ba49b8978>	motion_media	<filename:e511e8bce0>	16.6166	28.061367	59.453032	false	false	false	502	v4l2request-copy	true	"{""aspect"":0.5625,""dh"":1920,""dw"":1080,""h"":1920,""par"":1.0,""pixelformat"":""nv12"",""rotate"":0,""stereo-in"":""mono"",""w"":1080}"	"{""duration"":""success"",""eof-reached"":""success"",""estimated-frame-number"":""success"",""filename"":""success"",""hwdec-current"":""success"",""idle-active"":""success"",""path"":""success"",""pause"":""success"",""percent-pos"":""success"",""time-pos"":""success"",""video-params"":""success"",""vo-configured"":""success""}"	true	playing	media-b8c9a5f04c	<media-path:3ba49b8978>	28100	7	true	"{""black_screen_risk_reason"":""null"",""blocked_media_count"":0,""consecutive_failures"":0,""current_index"":7,""current_item"":{""alias"":""media-b8c9a5f04c"",""duration_ms"":28100,""media_kind"":""motion_media"",""offset_ms"":0,""path_alias"":""<media-path:3ba49b8978>"",""started_at_present"":true},""last_poll_error"":""null"",""last_render_error"":""null"",""mpv_running"":true,""next_item"":{""alias"":""media-7eefea6ba2"",""duration_ms"":5000,""media_kind"":""motion_media"",""path_alias"":""<media-path:9e48f6362b>""},""playback_state"":""playing"",""playlist_size"":9,""present"":true,""uptime_sec"":420}"
23	28.811	2026-07-18T20:45:47+0000	success		495	<media-path:3ba49b8978>	<media-path:3ba49b8978>	motion_media	<filename:e511e8bce0>	17.784433	28.061367	63.614744	false	false	false	537	v4l2request-copy	true	"{""aspect"":0.5625,""dh"":1920,""dw"":1080,""h"":1920,""par"":1.0,""pixelformat"":""nv12"",""rotate"":0,""stereo-in"":""mono"",""w"":1080}"	"{""duration"":""success"",""eof-reached"":""success"",""estimated-frame-number"":""success"",""filename"":""success"",""hwdec-current"":""success"",""idle-active"":""success"",""path"":""success"",""pause"":""success"",""percent-pos"":""success"",""time-pos"":""success"",""video-params"":""success"",""vo-configured"":""success""}"	true	playing	media-b8c9a5f04c	<media-path:3ba49b8978>	28100	7	true	"{""black_screen_risk_reason"":""null"",""blocked_media_count"":0,""consecutive_failures"":0,""current_index"":7,""current_item"":{""alias"":""media-b8c9a5f04c"",""duration_ms"":28100,""media_kind"":""motion_media"",""offset_ms"":0,""path_alias"":""<media-path:3ba49b8978>"",""started_at_present"":true},""last_poll_error"":""null"",""last_render_error"":""null"",""mpv_running"":true,""next_item"":{""alias"":""media-7eefea6ba2"",""duration_ms"":5000,""media_kind"":""motion_media"",""path_alias"":""<media-path:9e48f6362b>""},""playback_state"":""playing"",""playlist_size"":9,""present"":true,""uptime_sec"":420}"
24	30.311	2026-07-18T20:45:48+0000	success		472	<media-path:3ba49b8978>	<media-path:3ba49b8978>	motion_media	<filename:e511e8bce0>	18.952267	28.061367	67.776457	false	false	false	572	v4l2request-copy	true	"{""aspect"":0.5625,""dh"":1920,""dw"":1080,""h"":1920,""par"":1.0,""pixelformat"":""nv12"",""rotate"":0,""stereo-in"":""mono"",""w"":1080}"	"{""duration"":""success"",""eof-reached"":""success"",""estimated-frame-number"":""success"",""filename"":""success"",""hwdec-current"":""success"",""idle-active"":""success"",""path"":""success"",""pause"":""success"",""percent-pos"":""success"",""time-pos"":""success"",""video-params"":""success"",""vo-configured"":""success""}"	true	playing	media-b8c9a5f04c	<media-path:3ba49b8978>	28100	7	true	"{""black_screen_risk_reason"":""null"",""blocked_media_count"":0,""consecutive_failures"":0,""current_index"":7,""current_item"":{""alias"":""media-b8c9a5f04c"",""duration_ms"":28100,""media_kind"":""motion_media"",""offset_ms"":0,""path_alias"":""<media-path:3ba49b8978>"",""started_at_present"":true},""last_poll_error"":""null"",""last_render_error"":""null"",""mpv_running"":true,""next_item"":{""alias"":""media-7eefea6ba2"",""duration_ms"":5000,""media_kind"":""motion_media"",""path_alias"":""<media-path:9e48f6362b>""},""playback_state"":""playing"",""playlist_size"":9,""present"":true,""uptime_sec"":420}"
25	31.788	2026-07-18T20:45:50+0000	success		495	<media-path:3ba49b8978>	<media-path:3ba49b8978>	motion_media	<filename:e511e8bce0>	20.1201	28.061367	71.938169	false	false	false	607	v4l2request-copy	true	"{""aspect"":0.5625,""dh"":1920,""dw"":1080,""h"":1920,""par"":1.0,""pixelformat"":""nv12"",""rotate"":0,""stereo-in"":""mono"",""w"":1080}"	"{""duration"":""success"",""eof-reached"":""success"",""estimated-frame-number"":""success"",""filename"":""success"",""hwdec-current"":""success"",""idle-active"":""success"",""path"":""success"",""pause"":""success"",""percent-pos"":""success"",""time-pos"":""success"",""video-params"":""success"",""vo-configured"":""success""}"	true	playing	media-b8c9a5f04c	<media-path:3ba49b8978>	28100	7	true	"{""black_screen_risk_reason"":""null"",""blocked_media_count"":0,""consecutive_failures"":0,""current_index"":7,""current_item"":{""alias"":""media-b8c9a5f04c"",""duration_ms"":28100,""media_kind"":""motion_media"",""offset_ms"":0,""path_alias"":""<media-path:3ba49b8978>"",""started_at_present"":true},""last_poll_error"":""null"",""last_render_error"":""null"",""mpv_running"":true,""next_item"":{""alias"":""media-7eefea6ba2"",""duration_ms"":5000,""media_kind"":""motion_media"",""path_alias"":""<media-path:9e48f6362b>""},""playback_state"":""playing"",""playlist_size"":9,""present"":true,""uptime_sec"":425}"
26	33.287	2026-07-18T20:45:51+0000	success		331	<media-path:3ba49b8978>	<media-path:3ba49b8978>	motion_media	<filename:e511e8bce0>	21.287933	28.061367	76.099881	false	false	false	642	v4l2request-copy	true	"{""aspect"":0.5625,""dh"":1920,""dw"":1080,""h"":1920,""par"":1.0,""pixelformat"":""nv12"",""rotate"":0,""stereo-in"":""mono"",""w"":1080}"	"{""duration"":""success"",""eof-reached"":""success"",""estimated-frame-number"":""success"",""filename"":""success"",""hwdec-current"":""success"",""idle-active"":""success"",""path"":""success"",""pause"":""success"",""percent-pos"":""success"",""time-pos"":""success"",""video-params"":""success"",""vo-configured"":""success""}"	true	playing	media-b8c9a5f04c	<media-path:3ba49b8978>	28100	7	true	"{""black_screen_risk_reason"":""null"",""blocked_media_count"":0,""consecutive_failures"":0,""current_index"":7,""current_item"":{""alias"":""media-b8c9a5f04c"",""duration_ms"":28100,""media_kind"":""motion_media"",""offset_ms"":0,""path_alias"":""<media-path:3ba49b8978>"",""started_at_present"":true},""last_poll_error"":""null"",""last_render_error"":""null"",""mpv_running"":true,""next_item"":{""alias"":""media-7eefea6ba2"",""duration_ms"":5000,""media_kind"":""motion_media"",""path_alias"":""<media-path:9e48f6362b>""},""playback_state"":""playing"",""playlist_size"":9,""present"":true,""uptime_sec"":425}"
27	34.622	2026-07-18T20:45:52+0000	success		382	<media-path:3ba49b8978>	<media-path:3ba49b8978>	motion_media	<filename:e511e8bce0>	22.3223	28.061367	79.785969	false	false	false	673	v4l2request-copy	true	{}	"{""duration"":""success"",""eof-reached"":""success"",""estimated-frame-number"":""success"",""filename"":""success"",""hwdec-current"":""success"",""idle-active"":""success"",""path"":""success"",""pause"":""success"",""percent-pos"":""success"",""time-pos"":""success"",""video-params"":""property unavailable"",""vo-configured"":""success""}"	true	playing	media-b8c9a5f04c	<media-path:3ba49b8978>	28100	7	true	"{""black_screen_risk_reason"":""null"",""blocked_media_count"":0,""consecutive_failures"":0,""current_index"":7,""current_item"":{""alias"":""media-b8c9a5f04c"",""duration_ms"":28100,""media_kind"":""motion_media"",""offset_ms"":0,""path_alias"":""<media-path:3ba49b8978>"",""started_at_present"":true},""last_poll_error"":""null"",""last_render_error"":""null"",""mpv_running"":true,""next_item"":{""alias"":""media-7eefea6ba2"",""duration_ms"":5000,""media_kind"":""motion_media"",""path_alias"":""<media-path:9e48f6362b>""},""playback_state"":""playing"",""playlist_size"":9,""present"":true,""uptime_sec"":425}"
28	36.008	2026-07-18T20:45:53+0000	success		2	<media-path:9e48f6362b>	<media-path:9e48f6362b>	motion_media	<filename:4e569cdfc9>	0.916667	5.041667	18.181818	false	false	false	22	v4l2request-copy	true	"{""aspect"":0.666667,""dh"":720,""dw"":480,""h"":720,""par"":1.0,""pixelformat"":""nv12"",""rotate"":0,""stereo-in"":""mono"",""w"":480}"	"{""duration"":""success"",""eof-reached"":""success"",""estimated-frame-number"":""success"",""filename"":""success"",""hwdec-current"":""success"",""idle-active"":""success"",""path"":""success"",""pause"":""success"",""percent-pos"":""success"",""time-pos"":""success"",""video-params"":""success"",""vo-configured"":""success""}"	true	playing	media-b8c9a5f04c	<media-path:3ba49b8978>	28100	7	true	"{""black_screen_risk_reason"":""null"",""blocked_media_count"":0,""consecutive_failures"":0,""current_index"":7,""current_item"":{""alias"":""media-b8c9a5f04c"",""duration_ms"":28100,""media_kind"":""motion_media"",""offset_ms"":0,""path_alias"":""<media-path:3ba49b8978>"",""started_at_present"":true},""last_poll_error"":""null"",""last_render_error"":""null"",""mpv_running"":true,""next_item"":{""alias"":""media-7eefea6ba2"",""duration_ms"":5000,""media_kind"":""motion_media"",""path_alias"":""<media-path:9e48f6362b>""},""playback_state"":""playing"",""playlist_size"":9,""present"":true,""uptime_sec"":425}"
29	37.012	2026-07-18T20:45:54+0000	success		2	<media-path:9e48f6362b>	<media-path:9e48f6362b>	motion_media	<filename:4e569cdfc9>	1.916667	5.041667	38.016529	false	false	false	46	v4l2request-copy	true	"{""aspect"":0.666667,""dh"":720,""dw"":480,""h"":720,""par"":1.0,""pixelformat"":""nv12"",""rotate"":0,""stereo-in"":""mono"",""w"":480}"	"{""duration"":""success"",""eof-reached"":""success"",""estimated-frame-number"":""success"",""filename"":""success"",""hwdec-current"":""success"",""idle-active"":""success"",""path"":""success"",""pause"":""success"",""percent-pos"":""success"",""time-pos"":""success"",""video-params"":""success"",""vo-configured"":""success""}"	true	playing	media-b8c9a5f04c	<media-path:3ba49b8978>	28100	7	true	"{""black_screen_risk_reason"":""null"",""blocked_media_count"":0,""consecutive_failures"":0,""current_index"":7,""current_item"":{""alias"":""media-b8c9a5f04c"",""duration_ms"":28100,""media_kind"":""motion_media"",""offset_ms"":0,""path_alias"":""<media-path:3ba49b8978>"",""started_at_present"":true},""last_poll_error"":""null"",""last_render_error"":""null"",""mpv_running"":true,""next_item"":{""alias"":""media-7eefea6ba2"",""duration_ms"":5000,""media_kind"":""motion_media"",""path_alias"":""<media-path:9e48f6362b>""},""playback_state"":""playing"",""playlist_size"":9,""present"":true,""uptime_sec"":425}"
30	38.017	2026-07-18T20:45:55+0000	success		9	<media-path:9e48f6362b>	<media-path:9e48f6362b>	motion_media	<filename:4e569cdfc9>	2.916667	5.041667	57.85124	false	false	false	70	v4l2request-copy	true	"{""aspect"":0.666667,""dh"":720,""dw"":480,""h"":720,""par"":1.0,""pixelformat"":""nv12"",""rotate"":0,""stereo-in"":""mono"",""w"":480}"	"{""duration"":""success"",""eof-reached"":""success"",""estimated-frame-number"":""success"",""filename"":""success"",""hwdec-current"":""success"",""idle-active"":""success"",""path"":""success"",""pause"":""success"",""percent-pos"":""success"",""time-pos"":""success"",""video-params"":""success"",""vo-configured"":""success""}"	true	playing	media-7eefea6ba2	<media-path:9e48f6362b>	5000	8	true	"{""black_screen_risk_reason"":""null"",""blocked_media_count"":0,""consecutive_failures"":0,""current_index"":8,""current_item"":{""alias"":""media-7eefea6ba2"",""duration_ms"":5000,""media_kind"":""motion_media"",""offset_ms"":0,""path_alias"":""<media-path:9e48f6362b>"",""started_at_present"":true},""last_poll_error"":""null"",""last_render_error"":""null"",""mpv_running"":true,""next_item"":{""alias"":""media-63e22e276f"",""duration_ms"":15100,""media_kind"":""motion_media"",""path_alias"":""<media-path:c406539999>""},""playback_state"":""playing"",""playlist_size"":9,""present"":true,""uptime_sec"":430}"
31	39.028	2026-07-18T20:45:56+0000	success		2	<media-path:9e48f6362b>	<media-path:9e48f6362b>	motion_media	<filename:4e569cdfc9>	3.916667	5.041667	77.68595	false	false	false	94	v4l2request-copy	true	"{""aspect"":0.666667,""dh"":720,""dw"":480,""h"":720,""par"":1.0,""pixelformat"":""nv12"",""rotate"":0,""stereo-in"":""mono"",""w"":480}"	"{""duration"":""success"",""eof-reached"":""success"",""estimated-frame-number"":""success"",""filename"":""success"",""hwdec-current"":""success"",""idle-active"":""success"",""path"":""success"",""pause"":""success"",""percent-pos"":""success"",""time-pos"":""success"",""video-params"":""success"",""vo-configured"":""success""}"	true	playing	media-7eefea6ba2	<media-path:9e48f6362b>	5000	8	true	"{""black_screen_risk_reason"":""null"",""blocked_media_count"":0,""consecutive_failures"":0,""current_index"":8,""current_item"":{""alias"":""media-7eefea6ba2"",""duration_ms"":5000,""media_kind"":""motion_media"",""offset_ms"":0,""path_alias"":""<media-path:9e48f6362b>"",""started_at_present"":true},""last_poll_error"":""null"",""last_render_error"":""null"",""mpv_running"":true,""next_item"":{""alias"":""media-63e22e276f"",""duration_ms"":15100,""media_kind"":""motion_media"",""path_alias"":""<media-path:c406539999>""},""playback_state"":""playing"",""playlist_size"":9,""present"":true,""uptime_sec"":430}"
32	40.032	2026-07-18T20:45:57+0000	success		2	<media-path:9e48f6362b>	<media-path:9e48f6362b>	motion_media	<filename:4e569cdfc9>	4.916667	5.041667	97.520661	false	false	false	118	v4l2request-copy	true	"{""aspect"":0.666667,""dh"":720,""dw"":480,""h"":720,""par"":1.0,""pixelformat"":""nv12"",""rotate"":0,""stereo-in"":""mono"",""w"":480}"	"{""duration"":""success"",""eof-reached"":""success"",""estimated-frame-number"":""success"",""filename"":""success"",""hwdec-current"":""success"",""idle-active"":""success"",""path"":""success"",""pause"":""success"",""percent-pos"":""success"",""time-pos"":""success"",""video-params"":""success"",""vo-configured"":""success""}"	true	playing	media-7eefea6ba2	<media-path:9e48f6362b>	5000	8	true	"{""black_screen_risk_reason"":""null"",""blocked_media_count"":0,""consecutive_failures"":0,""current_index"":8,""current_item"":{""alias"":""media-7eefea6ba2"",""duration_ms"":5000,""media_kind"":""motion_media"",""offset_ms"":0,""path_alias"":""<media-path:9e48f6362b>"",""started_at_present"":true},""last_poll_error"":""null"",""last_render_error"":""null"",""mpv_running"":true,""next_item"":{""alias"":""media-63e22e276f"",""duration_ms"":15100,""media_kind"":""motion_media"",""path_alias"":""<media-path:c406539999>""},""playback_state"":""playing"",""playlist_size"":9,""present"":true,""uptime_sec"":430}"
33	41.036	2026-07-18T20:45:58+0000	success		2	<media-path:c406539999>	<media-path:c406539999>	motion_media	<filename:aaf3979e21>	0.766667	15.069751	5.087454	false	false	false	23	v4l2request-copy	true	"{""aspect"":0.566038,""dh"":848,""dw"":480,""h"":848,""par"":1.0,""pixelformat"":""nv12"",""rotate"":0,""stereo-in"":""mono"",""w"":480}"	"{""duration"":""success"",""eof-reached"":""success"",""estimated-frame-number"":""success"",""filename"":""success"",""hwdec-current"":""success"",""idle-active"":""success"",""path"":""success"",""pause"":""success"",""percent-pos"":""success"",""time-pos"":""success"",""video-params"":""success"",""vo-configured"":""success""}"	true	playing	media-7eefea6ba2	<media-path:9e48f6362b>	5000	8	true	"{""black_screen_risk_reason"":""null"",""blocked_media_count"":0,""consecutive_failures"":0,""current_index"":8,""current_item"":{""alias"":""media-7eefea6ba2"",""duration_ms"":5000,""media_kind"":""motion_media"",""offset_ms"":0,""path_alias"":""<media-path:9e48f6362b>"",""started_at_present"":true},""last_poll_error"":""null"",""last_render_error"":""null"",""mpv_running"":true,""next_item"":{""alias"":""media-63e22e276f"",""duration_ms"":15100,""media_kind"":""motion_media"",""path_alias"":""<media-path:c406539999>""},""playback_state"":""playing"",""playlist_size"":9,""present"":true,""uptime_sec"":430}"
34	42.041	2026-07-18T20:45:59+0000	success		2	<media-path:c406539999>	<media-path:c406539999>	motion_media	<filename:aaf3979e21>	1.766667	15.069751	11.723264	false	false	false	53	v4l2request-copy	true	"{""aspect"":0.566038,""dh"":848,""dw"":480,""h"":848,""par"":1.0,""pixelformat"":""nv12"",""rotate"":0,""stereo-in"":""mono"",""w"":480}"	"{""duration"":""success"",""eof-reached"":""success"",""estimated-frame-number"":""success"",""filename"":""success"",""hwdec-current"":""success"",""idle-active"":""success"",""path"":""success"",""pause"":""success"",""percent-pos"":""success"",""time-pos"":""success"",""video-params"":""success"",""vo-configured"":""success""}"	true	playing	media-7eefea6ba2	<media-path:9e48f6362b>	5000	8	true	"{""black_screen_risk_reason"":""null"",""blocked_media_count"":0,""consecutive_failures"":0,""current_index"":8,""current_item"":{""alias"":""media-7eefea6ba2"",""duration_ms"":5000,""media_kind"":""motion_media"",""offset_ms"":0,""path_alias"":""<media-path:9e48f6362b>"",""started_at_present"":true},""last_poll_error"":""null"",""last_render_error"":""null"",""mpv_running"":true,""next_item"":{""alias"":""media-63e22e276f"",""duration_ms"":15100,""media_kind"":""motion_media"",""path_alias"":""<media-path:c406539999>""},""playback_state"":""playing"",""playlist_size"":9,""present"":true,""uptime_sec"":430}"
35	43.045	2026-07-18T20:46:00+0000	success		10	<media-path:c406539999>	<media-path:c406539999>	motion_media	<filename:aaf3979e21>	2.766667	15.069751	18.359074	false	false	false	83	v4l2request-copy	true	"{""aspect"":0.566038,""dh"":848,""dw"":480,""h"":848,""par"":1.0,""pixelformat"":""nv12"",""rotate"":0,""stereo-in"":""mono"",""w"":480}"	"{""duration"":""success"",""eof-reached"":""success"",""estimated-frame-number"":""success"",""filename"":""success"",""hwdec-current"":""success"",""idle-active"":""success"",""path"":""success"",""pause"":""success"",""percent-pos"":""success"",""time-pos"":""success"",""video-params"":""success"",""vo-configured"":""success""}"	true	playing	media-63e22e276f	<media-path:c406539999>	15100	0	true	"{""black_screen_risk_reason"":""null"",""blocked_media_count"":0,""consecutive_failures"":0,""current_index"":0,""current_item"":{""alias"":""media-63e22e276f"",""duration_ms"":15100,""media_kind"":""motion_media"",""offset_ms"":0,""path_alias"":""<media-path:c406539999>"",""started_at_present"":true},""last_poll_error"":""null"",""last_render_error"":""null"",""mpv_running"":true,""next_item"":{""alias"":""media-b04db49d99"",""duration_ms"":15100,""media_kind"":""motion_media"",""path_alias"":""<media-path:2b030c3c41>""},""playback_state"":""playing"",""playlist_size"":9,""present"":true,""uptime_sec"":435}"
36	44.058	2026-07-18T20:46:01+0000	success		2	<media-path:c406539999>	<media-path:c406539999>	motion_media	<filename:aaf3979e21>	3.766667	15.069751	24.994884	false	false	false	113	v4l2request-copy	true	"{""aspect"":0.566038,""dh"":848,""dw"":480,""h"":848,""par"":1.0,""pixelformat"":""nv12"",""rotate"":0,""stereo-in"":""mono"",""w"":480}"	"{""duration"":""success"",""eof-reached"":""success"",""estimated-frame-number"":""success"",""filename"":""success"",""hwdec-current"":""success"",""idle-active"":""success"",""path"":""success"",""pause"":""success"",""percent-pos"":""success"",""time-pos"":""success"",""video-params"":""success"",""vo-configured"":""success""}"	true	playing	media-63e22e276f	<media-path:c406539999>	15100	0	true	"{""black_screen_risk_reason"":""null"",""blocked_media_count"":0,""consecutive_failures"":0,""current_index"":0,""current_item"":{""alias"":""media-63e22e276f"",""duration_ms"":15100,""media_kind"":""motion_media"",""offset_ms"":0,""path_alias"":""<media-path:c406539999>"",""started_at_present"":true},""last_poll_error"":""null"",""last_render_error"":""null"",""mpv_running"":true,""next_item"":{""alias"":""media-b04db49d99"",""duration_ms"":15100,""media_kind"":""motion_media"",""path_alias"":""<media-path:2b030c3c41>""},""playback_state"":""playing"",""playlist_size"":9,""present"":true,""uptime_sec"":435}"
37	45.062	2026-07-18T20:46:02+0000	success		3	<media-path:c406539999>	<media-path:c406539999>	motion_media	<filename:aaf3979e21>	4.766667	15.069751	31.630694	false	false	false	143	v4l2request-copy	true	"{""aspect"":0.566038,""dh"":848,""dw"":480,""h"":848,""par"":1.0,""pixelformat"":""nv12"",""rotate"":0,""stereo-in"":""mono"",""w"":480}"	"{""duration"":""success"",""eof-reached"":""success"",""estimated-frame-number"":""success"",""filename"":""success"",""hwdec-current"":""success"",""idle-active"":""success"",""path"":""success"",""pause"":""success"",""percent-pos"":""success"",""time-pos"":""success"",""video-params"":""success"",""vo-configured"":""success""}"	true	playing	media-63e22e276f	<media-path:c406539999>	15100	0	true	"{""black_screen_risk_reason"":""null"",""blocked_media_count"":0,""consecutive_failures"":0,""current_index"":0,""current_item"":{""alias"":""media-63e22e276f"",""duration_ms"":15100,""media_kind"":""motion_media"",""offset_ms"":0,""path_alias"":""<media-path:c406539999>"",""started_at_present"":true},""last_poll_error"":""null"",""last_render_error"":""null"",""mpv_running"":true,""next_item"":{""alias"":""media-b04db49d99"",""duration_ms"":15100,""media_kind"":""motion_media"",""path_alias"":""<media-path:2b030c3c41>""},""playback_state"":""playing"",""playlist_size"":9,""present"":true,""uptime_sec"":435}"
38	46.069	2026-07-18T20:46:03+0000	success		2	<media-path:c406539999>	<media-path:c406539999>	motion_media	<filename:aaf3979e21>	5.8	15.069751	38.487697	false	false	false	174	v4l2request-copy	true	"{""aspect"":0.566038,""dh"":848,""dw"":480,""h"":848,""par"":1.0,""pixelformat"":""nv12"",""rotate"":0,""stereo-in"":""mono"",""w"":480}"	"{""duration"":""success"",""eof-reached"":""success"",""estimated-frame-number"":""success"",""filename"":""success"",""hwdec-current"":""success"",""idle-active"":""success"",""path"":""success"",""pause"":""success"",""percent-pos"":""success"",""time-pos"":""success"",""video-params"":""success"",""vo-configured"":""success""}"	true	playing	media-63e22e276f	<media-path:c406539999>	15100	0	true	"{""black_screen_risk_reason"":""null"",""blocked_media_count"":0,""consecutive_failures"":0,""current_index"":0,""current_item"":{""alias"":""media-63e22e276f"",""duration_ms"":15100,""media_kind"":""motion_media"",""offset_ms"":0,""path_alias"":""<media-path:c406539999>"",""started_at_present"":true},""last_poll_error"":""null"",""last_render_error"":""null"",""mpv_running"":true,""next_item"":{""alias"":""media-b04db49d99"",""duration_ms"":15100,""media_kind"":""motion_media"",""path_alias"":""<media-path:2b030c3c41>""},""playback_state"":""playing"",""playlist_size"":9,""present"":true,""uptime_sec"":435}"
39	47.074	2026-07-18T20:46:04+0000	success		3	<media-path:c406539999>	<media-path:c406539999>	motion_media	<filename:aaf3979e21>	6.8	15.069751	45.123507	false	false	false	204	v4l2request-copy	true	"{""aspect"":0.566038,""dh"":848,""dw"":480,""h"":848,""par"":1.0,""pixelformat"":""nv12"",""rotate"":0,""stereo-in"":""mono"",""w"":480}"	"{""duration"":""success"",""eof-reached"":""success"",""estimated-frame-number"":""success"",""filename"":""success"",""hwdec-current"":""success"",""idle-active"":""success"",""path"":""success"",""pause"":""success"",""percent-pos"":""success"",""time-pos"":""success"",""video-params"":""success"",""vo-configured"":""success""}"	true	playing	media-63e22e276f	<media-path:c406539999>	15100	0	true	"{""black_screen_risk_reason"":""null"",""blocked_media_count"":0,""consecutive_failures"":0,""current_index"":0,""current_item"":{""alias"":""media-63e22e276f"",""duration_ms"":15100,""media_kind"":""motion_media"",""offset_ms"":0,""path_alias"":""<media-path:c406539999>"",""started_at_present"":true},""last_poll_error"":""null"",""last_render_error"":""null"",""mpv_running"":true,""next_item"":{""alias"":""media-b04db49d99"",""duration_ms"":15100,""media_kind"":""motion_media"",""path_alias"":""<media-path:2b030c3c41>""},""playback_state"":""playing"",""playlist_size"":9,""present"":true,""uptime_sec"":435}"
40	48.080	2026-07-18T20:46:05+0000	success		2	<media-path:c406539999>	<media-path:c406539999>	motion_media	<filename:aaf3979e21>	7.8	15.069751	51.759317	false	false	false	234	v4l2request-copy	true	"{""aspect"":0.566038,""dh"":848,""dw"":480,""h"":848,""par"":1.0,""pixelformat"":""nv12"",""rotate"":0,""stereo-in"":""mono"",""w"":480}"	"{""duration"":""success"",""eof-reached"":""success"",""estimated-frame-number"":""success"",""filename"":""success"",""hwdec-current"":""success"",""idle-active"":""success"",""path"":""success"",""pause"":""success"",""percent-pos"":""success"",""time-pos"":""success"",""video-params"":""success"",""vo-configured"":""success""}"	true	playing	media-63e22e276f	<media-path:c406539999>	15100	0	true	"{""black_screen_risk_reason"":""null"",""blocked_media_count"":0,""consecutive_failures"":0,""current_index"":0,""current_item"":{""alias"":""media-63e22e276f"",""duration_ms"":15100,""media_kind"":""motion_media"",""offset_ms"":0,""path_alias"":""<media-path:c406539999>"",""started_at_present"":true},""last_poll_error"":""null"",""last_render_error"":""null"",""mpv_running"":true,""next_item"":{""alias"":""media-b04db49d99"",""duration_ms"":15100,""media_kind"":""motion_media"",""path_alias"":""<media-path:2b030c3c41>""},""playback_state"":""playing"",""playlist_size"":9,""present"":true,""uptime_sec"":440}"
41	49.084	2026-07-18T20:46:06+0000	success		11	<media-path:c406539999>	<media-path:c406539999>	motion_media	<filename:aaf3979e21>	8.8	15.069751	58.395127	false	false	false	264	v4l2request-copy	true	"{""aspect"":0.566038,""dh"":848,""dw"":480,""h"":848,""par"":1.0,""pixelformat"":""nv12"",""rotate"":0,""stereo-in"":""mono"",""w"":480}"	"{""duration"":""success"",""eof-reached"":""success"",""estimated-frame-number"":""success"",""filename"":""success"",""hwdec-current"":""success"",""idle-active"":""success"",""path"":""success"",""pause"":""success"",""percent-pos"":""success"",""time-pos"":""success"",""video-params"":""success"",""vo-configured"":""success""}"	true	playing	media-63e22e276f	<media-path:c406539999>	15100	0	true	"{""black_screen_risk_reason"":""null"",""blocked_media_count"":0,""consecutive_failures"":0,""current_index"":0,""current_item"":{""alias"":""media-63e22e276f"",""duration_ms"":15100,""media_kind"":""motion_media"",""offset_ms"":0,""path_alias"":""<media-path:c406539999>"",""started_at_present"":true},""last_poll_error"":""null"",""last_render_error"":""null"",""mpv_running"":true,""next_item"":{""alias"":""media-b04db49d99"",""duration_ms"":15100,""media_kind"":""motion_media"",""path_alias"":""<media-path:2b030c3c41>""},""playback_state"":""playing"",""playlist_size"":9,""present"":true,""uptime_sec"":440}"
42	50.098	2026-07-18T20:46:07+0000	success		2	<media-path:c406539999>	<media-path:c406539999>	motion_media	<filename:aaf3979e21>	9.8	15.069751	65.030937	false	false	false	294	v4l2request-copy	true	"{""aspect"":0.566038,""dh"":848,""dw"":480,""h"":848,""par"":1.0,""pixelformat"":""nv12"",""rotate"":0,""stereo-in"":""mono"",""w"":480}"	"{""duration"":""success"",""eof-reached"":""success"",""estimated-frame-number"":""success"",""filename"":""success"",""hwdec-current"":""success"",""idle-active"":""success"",""path"":""success"",""pause"":""success"",""percent-pos"":""success"",""time-pos"":""success"",""video-params"":""success"",""vo-configured"":""success""}"	true	playing	media-63e22e276f	<media-path:c406539999>	15100	0	true	"{""black_screen_risk_reason"":""null"",""blocked_media_count"":0,""consecutive_failures"":0,""current_index"":0,""current_item"":{""alias"":""media-63e22e276f"",""duration_ms"":15100,""media_kind"":""motion_media"",""offset_ms"":0,""path_alias"":""<media-path:c406539999>"",""started_at_present"":true},""last_poll_error"":""null"",""last_render_error"":""null"",""mpv_running"":true,""next_item"":{""alias"":""media-b04db49d99"",""duration_ms"":15100,""media_kind"":""motion_media"",""path_alias"":""<media-path:2b030c3c41>""},""playback_state"":""playing"",""playlist_size"":9,""present"":true,""uptime_sec"":440}"
43	51.104	2026-07-18T20:46:08+0000	success		2	<media-path:c406539999>	<media-path:c406539999>	motion_media	<filename:aaf3979e21>	10.833333	15.069751	71.887941	false	false	false	325	v4l2request-copy	true	"{""aspect"":0.566038,""dh"":848,""dw"":480,""h"":848,""par"":1.0,""pixelformat"":""nv12"",""rotate"":0,""stereo-in"":""mono"",""w"":480}"	"{""duration"":""success"",""eof-reached"":""success"",""estimated-frame-number"":""success"",""filename"":""success"",""hwdec-current"":""success"",""idle-active"":""success"",""path"":""success"",""pause"":""success"",""percent-pos"":""success"",""time-pos"":""success"",""video-params"":""success"",""vo-configured"":""success""}"	true	playing	media-63e22e276f	<media-path:c406539999>	15100	0	true	"{""black_screen_risk_reason"":""null"",""blocked_media_count"":0,""consecutive_failures"":0,""current_index"":0,""current_item"":{""alias"":""media-63e22e276f"",""duration_ms"":15100,""media_kind"":""motion_media"",""offset_ms"":0,""path_alias"":""<media-path:c406539999>"",""started_at_present"":true},""last_poll_error"":""null"",""last_render_error"":""null"",""mpv_running"":true,""next_item"":{""alias"":""media-b04db49d99"",""duration_ms"":15100,""media_kind"":""motion_media"",""path_alias"":""<media-path:2b030c3c41>""},""playback_state"":""playing"",""playlist_size"":9,""present"":true,""uptime_sec"":440}"
44	52.109	2026-07-18T20:46:09+0000	success		2	<media-path:c406539999>	<media-path:c406539999>	motion_media	<filename:aaf3979e21>	11.833333	15.069751	78.52375	false	false	false	355	v4l2request-copy	true	"{""aspect"":0.566038,""dh"":848,""dw"":480,""h"":848,""par"":1.0,""pixelformat"":""nv12"",""rotate"":0,""stereo-in"":""mono"",""w"":480}"	"{""duration"":""success"",""eof-reached"":""success"",""estimated-frame-number"":""success"",""filename"":""success"",""hwdec-current"":""success"",""idle-active"":""success"",""path"":""success"",""pause"":""success"",""percent-pos"":""success"",""time-pos"":""success"",""video-params"":""success"",""vo-configured"":""success""}"	true	playing	media-63e22e276f	<media-path:c406539999>	15100	0	true	"{""black_screen_risk_reason"":""null"",""blocked_media_count"":0,""consecutive_failures"":0,""current_index"":0,""current_item"":{""alias"":""media-63e22e276f"",""duration_ms"":15100,""media_kind"":""motion_media"",""offset_ms"":0,""path_alias"":""<media-path:c406539999>"",""started_at_present"":true},""last_poll_error"":""null"",""last_render_error"":""null"",""mpv_running"":true,""next_item"":{""alias"":""media-b04db49d99"",""duration_ms"":15100,""media_kind"":""motion_media"",""path_alias"":""<media-path:2b030c3c41>""},""playback_state"":""playing"",""playlist_size"":9,""present"":true,""uptime_sec"":440}"
45	53.113	2026-07-18T20:46:10+0000	success		2	<media-path:c406539999>	<media-path:c406539999>	motion_media	<filename:aaf3979e21>	12.833333	15.069751	85.15956	false	false	false	385	v4l2request-copy	true	"{""aspect"":0.566038,""dh"":848,""dw"":480,""h"":848,""par"":1.0,""pixelformat"":""nv12"",""rotate"":0,""stereo-in"":""mono"",""w"":480}"	"{""duration"":""success"",""eof-reached"":""success"",""estimated-frame-number"":""success"",""filename"":""success"",""hwdec-current"":""success"",""idle-active"":""success"",""path"":""success"",""pause"":""success"",""percent-pos"":""success"",""time-pos"":""success"",""video-params"":""success"",""vo-configured"":""success""}"	true	playing	media-63e22e276f	<media-path:c406539999>	15100	0	true	"{""black_screen_risk_reason"":""null"",""blocked_media_count"":0,""consecutive_failures"":0,""current_index"":0,""current_item"":{""alias"":""media-63e22e276f"",""duration_ms"":15100,""media_kind"":""motion_media"",""offset_ms"":0,""path_alias"":""<media-path:c406539999>"",""started_at_present"":true},""last_poll_error"":""null"",""last_render_error"":""null"",""mpv_running"":true,""next_item"":{""alias"":""media-b04db49d99"",""duration_ms"":15100,""media_kind"":""motion_media"",""path_alias"":""<media-path:2b030c3c41>""},""playback_state"":""playing"",""playlist_size"":9,""present"":true,""uptime_sec"":445}"
46	54.117	2026-07-18T20:46:11+0000	success		14	<media-path:c406539999>	<media-path:c406539999>	motion_media	<filename:aaf3979e21>	13.833333	15.069751	91.79537	false	false	false	415	v4l2request-copy	true	"{""aspect"":0.566038,""dh"":848,""dw"":480,""h"":848,""par"":1.0,""pixelformat"":""nv12"",""rotate"":0,""stereo-in"":""mono"",""w"":480}"	"{""duration"":""success"",""eof-reached"":""success"",""estimated-frame-number"":""success"",""filename"":""success"",""hwdec-current"":""success"",""idle-active"":""success"",""path"":""success"",""pause"":""success"",""percent-pos"":""success"",""time-pos"":""success"",""video-params"":""success"",""vo-configured"":""success""}"	true	playing	media-63e22e276f	<media-path:c406539999>	15100	0	true	"{""black_screen_risk_reason"":""null"",""blocked_media_count"":0,""consecutive_failures"":0,""current_index"":0,""current_item"":{""alias"":""media-63e22e276f"",""duration_ms"":15100,""media_kind"":""motion_media"",""offset_ms"":0,""path_alias"":""<media-path:c406539999>"",""started_at_present"":true},""last_poll_error"":""null"",""last_render_error"":""null"",""mpv_running"":true,""next_item"":{""alias"":""media-b04db49d99"",""duration_ms"":15100,""media_kind"":""motion_media"",""path_alias"":""<media-path:2b030c3c41>""},""playback_state"":""playing"",""playlist_size"":9,""present"":true,""uptime_sec"":445}"
47	55.134	2026-07-18T20:46:12+0000	success		2	<media-path:c406539999>	<media-path:c406539999>	motion_media	<filename:aaf3979e21>	14.866667	15.069751	98.652374	false	false	false	446	v4l2request-copy	true	"{""aspect"":0.566038,""dh"":848,""dw"":480,""h"":848,""par"":1.0,""pixelformat"":""nv12"",""rotate"":0,""stereo-in"":""mono"",""w"":480}"	"{""duration"":""success"",""eof-reached"":""success"",""estimated-frame-number"":""success"",""filename"":""success"",""hwdec-current"":""success"",""idle-active"":""success"",""path"":""success"",""pause"":""success"",""percent-pos"":""success"",""time-pos"":""success"",""video-params"":""success"",""vo-configured"":""success""}"	true	playing	media-63e22e276f	<media-path:c406539999>	15100	0	true	"{""black_screen_risk_reason"":""null"",""blocked_media_count"":0,""consecutive_failures"":0,""current_index"":0,""current_item"":{""alias"":""media-63e22e276f"",""duration_ms"":15100,""media_kind"":""motion_media"",""offset_ms"":0,""path_alias"":""<media-path:c406539999>"",""started_at_present"":true},""last_poll_error"":""null"",""last_render_error"":""null"",""mpv_running"":true,""next_item"":{""alias"":""media-b04db49d99"",""duration_ms"":15100,""media_kind"":""motion_media"",""path_alias"":""<media-path:2b030c3c41>""},""playback_state"":""playing"",""playlist_size"":9,""present"":true,""uptime_sec"":445}"
48	56.139	2026-07-18T20:46:13+0000	success		2	<media-path:2b030c3c41>	<media-path:2b030c3c41>	motion_media	<filename:c617160627>	0.466667	15.1	3.090508	false	false	false	14	v4l2request-copy	true	"{""aspect"":0.566038,""dh"":848,""dw"":480,""h"":848,""par"":1.0,""pixelformat"":""nv12"",""rotate"":0,""stereo-in"":""mono"",""w"":480}"	"{""duration"":""success"",""eof-reached"":""success"",""estimated-frame-number"":""success"",""filename"":""success"",""hwdec-current"":""success"",""idle-active"":""success"",""path"":""success"",""pause"":""success"",""percent-pos"":""success"",""time-pos"":""success"",""video-params"":""success"",""vo-configured"":""success""}"	true	playing	media-63e22e276f	<media-path:c406539999>	15100	0	true	"{""black_screen_risk_reason"":""null"",""blocked_media_count"":0,""consecutive_failures"":0,""current_index"":0,""current_item"":{""alias"":""media-63e22e276f"",""duration_ms"":15100,""media_kind"":""motion_media"",""offset_ms"":0,""path_alias"":""<media-path:c406539999>"",""started_at_present"":true},""last_poll_error"":""null"",""last_render_error"":""null"",""mpv_running"":true,""next_item"":{""alias"":""media-b04db49d99"",""duration_ms"":15100,""media_kind"":""motion_media"",""path_alias"":""<media-path:2b030c3c41>""},""playback_state"":""playing"",""playlist_size"":9,""present"":true,""uptime_sec"":445}"
49	57.145	2026-07-18T20:46:14+0000	success		8	<media-path:2b030c3c41>	<media-path:2b030c3c41>	motion_media	<filename:c617160627>	1.466667	15.1	9.713024	false	false	false	44	v4l2request-copy	true	"{""aspect"":0.566038,""dh"":848,""dw"":480,""h"":848,""par"":1.0,""pixelformat"":""nv12"",""rotate"":0,""stereo-in"":""mono"",""w"":480}"	"{""duration"":""success"",""eof-reached"":""success"",""estimated-frame-number"":""success"",""filename"":""success"",""hwdec-current"":""success"",""idle-active"":""success"",""path"":""success"",""pause"":""success"",""percent-pos"":""success"",""time-pos"":""success"",""video-params"":""success"",""vo-configured"":""success""}"	true	playing	media-63e22e276f	<media-path:c406539999>	15100	0	true	"{""black_screen_risk_reason"":""null"",""blocked_media_count"":0,""consecutive_failures"":0,""current_index"":0,""current_item"":{""alias"":""media-63e22e276f"",""duration_ms"":15100,""media_kind"":""motion_media"",""offset_ms"":0,""path_alias"":""<media-path:c406539999>"",""started_at_present"":true},""last_poll_error"":""null"",""last_render_error"":""null"",""mpv_running"":true,""next_item"":{""alias"":""media-b04db49d99"",""duration_ms"":15100,""media_kind"":""motion_media"",""path_alias"":""<media-path:2b030c3c41>""},""playback_state"":""playing"",""playlist_size"":9,""present"":true,""uptime_sec"":445}"
50	58.155	2026-07-18T20:46:15+0000	success		3	<media-path:2b030c3c41>	<media-path:2b030c3c41>	motion_media	<filename:c617160627>	2.466667	15.1	16.335541	false	false	false	74	v4l2request-copy	true	"{""aspect"":0.566038,""dh"":848,""dw"":480,""h"":848,""par"":1.0,""pixelformat"":""nv12"",""rotate"":0,""stereo-in"":""mono"",""w"":480}"	"{""duration"":""success"",""eof-reached"":""success"",""estimated-frame-number"":""success"",""filename"":""success"",""hwdec-current"":""success"",""idle-active"":""success"",""path"":""success"",""pause"":""success"",""percent-pos"":""success"",""time-pos"":""success"",""video-params"":""success"",""vo-configured"":""success""}"	true	playing	media-b04db49d99	<media-path:2b030c3c41>	15100	1	true	"{""black_screen_risk_reason"":""null"",""blocked_media_count"":0,""consecutive_failures"":0,""current_index"":1,""current_item"":{""alias"":""media-b04db49d99"",""duration_ms"":15100,""media_kind"":""motion_media"",""offset_ms"":0,""path_alias"":""<media-path:2b030c3c41>"",""started_at_present"":true},""last_poll_error"":""null"",""last_render_error"":""null"",""mpv_running"":true,""next_item"":{""alias"":""media-8ffdc1f445"",""duration_ms"":14000,""media_kind"":""motion_media"",""path_alias"":""<media-path:fee4d36eb4>""},""playback_state"":""playing"",""playlist_size"":9,""present"":true,""uptime_sec"":450}"
51	59.162	2026-07-18T20:46:16+0000	success		2	<media-path:2b030c3c41>	<media-path:2b030c3c41>	motion_media	<filename:c617160627>	3.5	15.1	23.178808	false	false	false	105	v4l2request-copy	true	"{""aspect"":0.566038,""dh"":848,""dw"":480,""h"":848,""par"":1.0,""pixelformat"":""nv12"",""rotate"":0,""stereo-in"":""mono"",""w"":480}"	"{""duration"":""success"",""eof-reached"":""success"",""estimated-frame-number"":""success"",""filename"":""success"",""hwdec-current"":""success"",""idle-active"":""success"",""path"":""success"",""pause"":""success"",""percent-pos"":""success"",""time-pos"":""success"",""video-params"":""success"",""vo-configured"":""success""}"	true	playing	media-b04db49d99	<media-path:2b030c3c41>	15100	1	true	"{""black_screen_risk_reason"":""null"",""blocked_media_count"":0,""consecutive_failures"":0,""current_index"":1,""current_item"":{""alias"":""media-b04db49d99"",""duration_ms"":15100,""media_kind"":""motion_media"",""offset_ms"":0,""path_alias"":""<media-path:2b030c3c41>"",""started_at_present"":true},""last_poll_error"":""null"",""last_render_error"":""null"",""mpv_running"":true,""next_item"":{""alias"":""media-8ffdc1f445"",""duration_ms"":14000,""media_kind"":""motion_media"",""path_alias"":""<media-path:fee4d36eb4>""},""playback_state"":""playing"",""playlist_size"":9,""present"":true,""uptime_sec"":450}"
